stn_id,date,variable,value,X5,X6,X7,X8
ASN00086071,20130101,TMAX,253,NA,NA,a,NA
ASN00086071,20130101,TMIN,154,NA,NA,a,NA
ASN00086071,20130101,PRCP,0,NA,NA,a,NA
ASN00086071,20130102,TMAX,222,NA,NA,a,NA
ASN00086071,20130102,TMIN,153,NA,NA,a,NA
ASN00086071,20130102,PRCP,0,NA,NA,a,NA
ASN00086071,20130103,TMAX,371,NA,NA,a,NA
ASN00086071,20130103,TMIN,137,NA,NA,a,NA
ASN00086071,20130103,PRCP,0,NA,NA,a,NA
ASN00086071,20130104,TMAX,411,NA,NA,a,NA
ASN00086071,20130104,TMIN,195,NA,NA,a,NA
ASN00086071,20130104,PRCP,0,NA,NA,a,NA
ASN00086071,20130105,TMAX,257,NA,NA,a,NA
ASN00086071,20130105,TMIN,200,NA,NA,a,NA
ASN00086071,20130105,PRCP,0,NA,NA,a,NA
ASN00086071,20130106,TMAX,257,NA,NA,a,NA
ASN00086071,20130106,TMIN,167,NA,NA,a,NA
ASN00086071,20130106,PRCP,0,NA,NA,a,NA
ASN00086071,20130107,TMAX,303,NA,NA,a,NA
ASN00086071,20130107,TMIN,162,NA,NA,a,NA
ASN00086071,20130107,PRCP,0,NA,NA,a,NA
ASN00086071,20130108,TMAX,303,NA,NA,a,NA
ASN00086071,20130108,TMIN,183,NA,NA,a,NA
ASN00086071,20130108,PRCP,0,NA,NA,a,NA
ASN00086071,20130109,TMAX,210,NA,NA,a,NA
ASN00086071,20130109,TMIN,131,NA,NA,a,NA
ASN00086071,20130109,PRCP,2,NA,NA,a,NA
ASN00086071,20130110,TMAX,272,NA,NA,a,NA
ASN00086071,20130110,TMIN,142,NA,NA,a,NA
ASN00086071,20130110,PRCP,2,NA,NA,a,NA
ASN00086071,20130111,TMAX,394,NA,NA,a,NA
ASN00086071,20130111,TMIN,173,NA,NA,a,NA
ASN00086071,20130111,PRCP,0,NA,NA,a,NA
ASN00086071,20130112,TMAX,241,NA,NA,a,NA
ASN00086071,20130112,TMIN,166,NA,NA,a,NA
ASN00086071,20130112,PRCP,0,NA,NA,a,NA
ASN00086071,20130113,TMAX,208,NA,NA,a,NA
ASN00086071,20130113,TMIN,162,NA,NA,a,NA
ASN00086071,20130113,PRCP,0,NA,NA,a,NA
ASN00086071,20130114,TMAX,218,NA,NA,a,NA
ASN00086071,20130114,TMIN,141,NA,NA,a,NA
ASN00086071,20130114,PRCP,0,NA,NA,a,NA
ASN00086071,20130115,TMAX,277,NA,NA,a,NA
ASN00086071,20130115,TMIN,125,NA,NA,a,NA
ASN00086071,20130115,PRCP,0,NA,NA,a,NA
ASN00086071,20130116,TMAX,255,NA,NA,a,NA
ASN00086071,20130116,TMIN,149,NA,NA,a,NA
ASN00086071,20130116,PRCP,0,NA,NA,a,NA
ASN00086071,20130117,TMAX,408,NA,NA,a,NA
ASN00086071,20130117,TMIN,156,NA,NA,a,NA
ASN00086071,20130117,PRCP,0,NA,NA,a,NA
ASN00086071,20130118,TMAX,259,NA,NA,a,NA
ASN00086071,20130118,TMIN,205,NA,NA,a,NA
ASN00086071,20130118,PRCP,0,NA,NA,a,NA
ASN00086071,20130119,TMAX,230,NA,NA,a,NA
ASN00086071,20130119,TMIN,169,NA,NA,a,NA
ASN00086071,20130119,PRCP,0,NA,NA,a,NA
ASN00086071,20130120,TMAX,250,NA,NA,a,NA
ASN00086071,20130120,TMIN,145,NA,NA,a,NA
ASN00086071,20130120,PRCP,0,NA,NA,a,NA
ASN00086071,20130121,TMAX,257,NA,NA,a,NA
ASN00086071,20130121,TMIN,171,NA,NA,a,NA
ASN00086071,20130121,PRCP,0,NA,NA,a,NA
ASN00086071,20130122,TMAX,263,NA,NA,a,NA
ASN00086071,20130122,TMIN,179,NA,NA,a,NA
ASN00086071,20130122,PRCP,0,NA,NA,a,NA
ASN00086071,20130123,TMAX,246,NA,NA,a,NA
ASN00086071,20130123,TMIN,165,NA,NA,a,NA
ASN00086071,20130123,PRCP,0,NA,NA,a,NA
ASN00086071,20130124,TMAX,366,NA,NA,a,NA
ASN00086071,20130124,TMIN,150,NA,NA,a,NA
ASN00086071,20130124,PRCP,0,NA,NA,a,NA
ASN00086071,20130125,TMAX,274,NA,NA,a,NA
ASN00086071,20130125,TMIN,194,NA,NA,a,NA
ASN00086071,20130125,PRCP,0,NA,NA,a,NA
ASN00086071,20130126,TMAX,217,NA,NA,a,NA
ASN00086071,20130126,TMIN,163,NA,NA,a,NA
ASN00086071,20130127,TMAX,241,NA,NA,a,NA
ASN00086071,20130127,TMIN,150,NA,NA,a,NA
ASN00086071,20130128,TMAX,244,NA,NA,a,NA
ASN00086071,20130128,TMIN,159,NA,NA,a,NA
ASN00086071,20130129,TMAX,217,NA,NA,a,NA
ASN00086071,20130129,TMIN,145,NA,NA,a,NA
ASN00086071,20130129,PRCP,40,NA,NA,a,NA
ASN00086071,20130130,TMAX,291,NA,NA,a,NA
ASN00086071,20130130,TMIN,122,NA,NA,a,NA
ASN00086071,20130130,PRCP,0,NA,NA,a,NA
ASN00086071,20130131,TMAX,247,NA,NA,a,NA
ASN00086071,20130131,TMIN,162,NA,NA,a,NA
ASN00086071,20130131,PRCP,0,NA,NA,a,NA
ASN00086071,20130201,TMAX,211,NA,NA,a,NA
ASN00086071,20130201,TMIN,122,NA,NA,a,NA
ASN00086071,20130201,PRCP,258,NA,NA,a,NA
ASN00086071,20130202,TMAX,218,NA,NA,a,NA
ASN00086071,20130202,TMIN,139,NA,NA,a,NA
ASN00086071,20130203,TMAX,261,NA,NA,a,NA
ASN00086071,20130203,TMIN,161,NA,NA,a,NA
ASN00086071,20130204,TMAX,227,NA,NA,a,NA
ASN00086071,20130204,TMIN,172,NA,NA,a,NA
ASN00086071,20130204,PRCP,2,NA,NA,a,NA
ASN00086071,20130205,TMAX,289,NA,NA,a,NA
ASN00086071,20130205,TMIN,159,NA,NA,a,NA
ASN00086071,20130205,PRCP,0,NA,NA,a,NA
ASN00086071,20130206,TMAX,372,NA,NA,a,NA
ASN00086071,20130206,TMIN,161,NA,NA,a,NA
ASN00086071,20130206,PRCP,0,NA,NA,a,NA
ASN00086071,20130207,TMAX,309,NA,NA,a,NA
ASN00086071,20130207,TMIN,201,NA,NA,a,NA
ASN00086071,20130207,PRCP,0,NA,NA,a,NA
ASN00086071,20130208,TMAX,300,NA,NA,a,NA
ASN00086071,20130208,TMIN,181,NA,NA,a,NA
ASN00086071,20130208,PRCP,0,NA,NA,a,NA
ASN00086071,20130209,TMAX,302,NA,NA,a,NA
ASN00086071,20130209,TMIN,165,NA,NA,a,NA
ASN00086071,20130210,TMAX,235,NA,NA,a,NA
ASN00086071,20130210,TMIN,156,NA,NA,a,NA
ASN00086071,20130211,TMAX,257,NA,NA,a,NA
ASN00086071,20130211,TMIN,159,NA,NA,a,NA
ASN00086071,20130211,PRCP,2,NA,NA,a,NA
ASN00086071,20130212,TMAX,260,NA,NA,a,NA
ASN00086071,20130212,TMIN,162,NA,NA,a,NA
ASN00086071,20130212,PRCP,0,NA,NA,a,NA
ASN00086071,20130213,TMAX,327,NA,NA,a,NA
ASN00086071,20130213,TMIN,157,NA,NA,a,NA
ASN00086071,20130213,PRCP,0,NA,NA,a,NA
ASN00086071,20130214,TMAX,330,NA,NA,a,NA
ASN00086071,20130214,TMIN,188,NA,NA,a,NA
ASN00086071,20130214,PRCP,0,NA,NA,a,NA
ASN00086071,20130215,TMAX,314,NA,NA,a,NA
ASN00086071,20130215,TMIN,197,NA,NA,a,NA
ASN00086071,20130215,PRCP,0,NA,NA,a,NA
ASN00086071,20130216,TMAX,354,NA,NA,a,NA
ASN00086071,20130216,TMIN,195,NA,NA,a,NA
ASN00086071,20130216,PRCP,0,NA,NA,a,NA
ASN00086071,20130217,TMAX,357,NA,NA,a,NA
ASN00086071,20130217,TMIN,198,NA,NA,a,NA
ASN00086071,20130217,PRCP,0,NA,NA,a,NA
ASN00086071,20130218,TMAX,367,NA,NA,a,NA
ASN00086071,20130218,TMIN,212,NA,NA,a,NA
ASN00086071,20130218,PRCP,0,NA,NA,a,NA
ASN00086071,20130219,TMAX,210,NA,NA,a,NA
ASN00086071,20130219,TMIN,205,NA,NA,a,NA
ASN00086071,20130219,PRCP,4,NA,NA,a,NA
ASN00086071,20130220,TMAX,295,NA,NA,a,NA
ASN00086071,20130220,TMIN,158,NA,NA,a,NA
ASN00086071,20130220,PRCP,4,NA,NA,a,NA
ASN00086071,20130221,TMAX,318,NA,NA,a,NA
ASN00086071,20130221,TMIN,173,NA,NA,a,NA
ASN00086071,20130221,PRCP,0,NA,NA,a,NA
ASN00086071,20130222,TMAX,326,NA,NA,a,NA
ASN00086071,20130222,TMIN,207,NA,NA,a,NA
ASN00086071,20130222,PRCP,2,NA,NA,a,NA
ASN00086071,20130223,TMAX,321,NA,NA,a,NA
ASN00086071,20130223,TMIN,194,NA,NA,a,NA
ASN00086071,20130223,PRCP,0,NA,NA,a,NA
ASN00086071,20130224,TMAX,343,NA,NA,a,NA
ASN00086071,20130224,TMIN,194,NA,NA,a,NA
ASN00086071,20130224,PRCP,0,NA,NA,a,NA
ASN00086071,20130225,TMAX,297,NA,NA,a,NA
ASN00086071,20130225,TMIN,222,NA,NA,a,NA
ASN00086071,20130225,PRCP,0,NA,NA,a,NA
ASN00086071,20130226,TMAX,275,NA,NA,a,NA
ASN00086071,20130226,TMIN,173,NA,NA,a,NA
ASN00086071,20130226,PRCP,0,NA,NA,a,NA
ASN00086071,20130227,TMAX,276,NA,NA,a,NA
ASN00086071,20130227,TMIN,177,NA,NA,a,NA
ASN00086071,20130227,PRCP,270,NA,NA,a,NA
ASN00086071,20130228,TMAX,214,NA,NA,a,NA
ASN00086071,20130228,TMIN,142,NA,NA,a,NA
ASN00086071,20130228,PRCP,78,NA,NA,a,NA
ASN00086071,20130301,TMAX,251,NA,NA,a,NA
ASN00086071,20130301,TMIN,144,NA,NA,a,NA
ASN00086071,20130301,PRCP,4,NA,NA,a,NA
ASN00086071,20130302,TMAX,269,NA,NA,a,NA
ASN00086071,20130302,TMIN,149,NA,NA,a,NA
ASN00086071,20130302,PRCP,0,NA,NA,a,NA
ASN00086071,20130303,TMAX,291,NA,NA,a,NA
ASN00086071,20130303,TMIN,139,NA,NA,a,NA
ASN00086071,20130303,PRCP,0,NA,NA,a,NA
ASN00086071,20130304,TMAX,327,NA,NA,a,NA
ASN00086071,20130304,TMIN,173,NA,NA,a,NA
ASN00086071,20130304,PRCP,0,NA,NA,a,NA
ASN00086071,20130305,TMAX,336,NA,NA,a,NA
ASN00086071,20130305,TMIN,180,NA,NA,a,NA
ASN00086071,20130305,PRCP,0,NA,NA,a,NA
ASN00086071,20130306,TMAX,338,NA,NA,a,NA
ASN00086071,20130306,TMIN,188,NA,NA,a,NA
ASN00086071,20130306,PRCP,0,NA,NA,a,NA
ASN00086071,20130307,TMAX,355,NA,NA,a,NA
ASN00086071,20130307,TMIN,220,NA,NA,a,NA
ASN00086071,20130307,PRCP,0,NA,NA,a,NA
ASN00086071,20130308,TMAX,330,NA,NA,a,NA
ASN00086071,20130308,TMIN,211,NA,NA,a,NA
ASN00086071,20130308,PRCP,0,NA,NA,a,NA
ASN00086071,20130309,TMAX,358,NA,NA,a,NA
ASN00086071,20130309,TMIN,219,NA,NA,a,NA
ASN00086071,20130309,PRCP,0,NA,NA,a,NA
ASN00086071,20130310,TMAX,354,NA,NA,a,NA
ASN00086071,20130310,TMIN,233,NA,NA,a,NA
ASN00086071,20130310,PRCP,0,NA,NA,a,NA
ASN00086071,20130311,TMAX,371,NA,NA,a,NA
ASN00086071,20130311,TMIN,206,NA,NA,a,NA
ASN00086071,20130311,PRCP,0,NA,NA,a,NA
ASN00086071,20130312,TMAX,362,NA,NA,a,NA
ASN00086071,20130312,TMIN,223,NA,NA,a,NA
ASN00086071,20130312,PRCP,0,NA,NA,a,NA
ASN00086071,20130313,TMAX,272,NA,NA,a,NA
ASN00086071,20130313,TMIN,265,NA,NA,a,NA
ASN00086071,20130313,PRCP,0,NA,NA,a,NA
ASN00086071,20130314,TMAX,242,NA,NA,a,NA
ASN00086071,20130314,TMIN,161,NA,NA,a,NA
ASN00086071,20130314,PRCP,2,NA,NA,a,NA
ASN00086071,20130315,TMAX,239,NA,NA,a,NA
ASN00086071,20130315,TMIN,178,NA,NA,a,NA
ASN00086071,20130315,PRCP,0,NA,NA,a,NA
ASN00086071,20130316,TMAX,230,NA,NA,a,NA
ASN00086071,20130316,TMIN,170,NA,NA,a,NA
ASN00086071,20130317,TMAX,199,NA,NA,a,NA
ASN00086071,20130317,TMIN,115,NA,NA,a,NA
ASN00086071,20130318,TMAX,219,NA,NA,a,NA
ASN00086071,20130318,TMIN,125,NA,NA,a,NA
ASN00086071,20130318,PRCP,34,NA,NA,a,NA
ASN00086071,20130319,TMAX,240,NA,NA,a,NA
ASN00086071,20130319,TMIN,114,NA,NA,a,NA
ASN00086071,20130319,PRCP,16,NA,NA,a,NA
ASN00086071,20130320,TMAX,288,NA,NA,a,NA
ASN00086071,20130320,TMIN,130,NA,NA,a,NA
ASN00086071,20130320,PRCP,0,NA,NA,a,NA
ASN00086071,20130321,TMAX,238,NA,NA,a,NA
ASN00086071,20130321,TMIN,162,NA,NA,a,NA
ASN00086071,20130321,PRCP,0,NA,NA,a,NA
ASN00086071,20130322,TMAX,205,NA,NA,a,NA
ASN00086071,20130322,TMIN,147,NA,NA,a,NA
ASN00086071,20130322,PRCP,4,NA,NA,a,NA
ASN00086071,20130323,TMAX,242,NA,NA,a,NA
ASN00086071,20130323,TMIN,148,NA,NA,a,NA
ASN00086071,20130323,PRCP,0,NA,NA,a,NA
ASN00086071,20130324,TMAX,257,NA,NA,a,NA
ASN00086071,20130324,TMIN,165,NA,NA,a,NA
ASN00086071,20130324,PRCP,0,NA,NA,a,NA
ASN00086071,20130325,TMAX,238,NA,NA,a,NA
ASN00086071,20130325,TMIN,137,NA,NA,a,NA
ASN00086071,20130325,PRCP,0,NA,NA,a,NA
ASN00086071,20130326,TMAX,314,NA,NA,a,NA
ASN00086071,20130326,TMIN,162,NA,NA,a,NA
ASN00086071,20130326,PRCP,0,NA,NA,a,NA
ASN00086071,20130327,TMAX,356,NA,NA,a,NA
ASN00086071,20130327,TMIN,192,NA,NA,a,NA
ASN00086071,20130327,PRCP,0,NA,NA,a,NA
ASN00086071,20130328,TMAX,223,NA,NA,a,NA
ASN00086071,20130328,TMIN,156,NA,NA,a,NA
ASN00086071,20130328,PRCP,174,NA,NA,a,NA
ASN00086071,20130329,TMAX,185,NA,NA,a,NA
ASN00086071,20130329,TMIN,109,NA,NA,a,NA
ASN00086071,20130330,TMAX,224,NA,NA,a,NA
ASN00086071,20130330,TMIN,120,NA,NA,a,NA
ASN00086071,20130331,TMAX,192,NA,NA,a,NA
ASN00086071,20130331,TMIN,139,NA,NA,a,NA
ASN00086071,20130331,PRCP,0,NA,NA,a,NA
ASN00086071,20130401,TMAX,201,NA,NA,a,NA
ASN00086071,20130401,TMIN,95,NA,NA,a,NA
ASN00086071,20130402,TMAX,199,NA,NA,a,NA
ASN00086071,20130402,TMIN,117,NA,NA,a,NA
ASN00086071,20130402,PRCP,2,NA,NA,a,NA
ASN00086071,20130403,TMAX,178,NA,NA,a,NA
ASN00086071,20130403,TMIN,140,NA,NA,a,NA
ASN00086071,20130403,PRCP,2,NA,NA,a,NA
ASN00086071,20130404,TMAX,210,NA,NA,a,NA
ASN00086071,20130404,TMIN,102,NA,NA,a,NA
ASN00086071,20130404,PRCP,0,NA,NA,a,NA
ASN00086071,20130405,TMAX,252,NA,NA,a,NA
ASN00086071,20130405,TMIN,100,NA,NA,a,NA
ASN00086071,20130405,PRCP,0,NA,NA,a,NA
ASN00086071,20130406,TMAX,282,NA,NA,a,NA
ASN00086071,20130406,TMIN,119,NA,NA,a,NA
ASN00086071,20130407,TMAX,274,NA,NA,a,NA
ASN00086071,20130407,TMIN,141,NA,NA,a,NA
ASN00086071,20130408,TMAX,233,NA,NA,a,NA
ASN00086071,20130408,TMIN,169,NA,NA,a,NA
ASN00086071,20130408,PRCP,52,NA,NA,a,NA
ASN00086071,20130409,TMAX,235,NA,NA,a,NA
ASN00086071,20130409,TMIN,141,NA,NA,a,NA
ASN00086071,20130409,PRCP,0,NA,NA,a,NA
ASN00086071,20130410,TMAX,248,NA,NA,a,NA
ASN00086071,20130410,TMIN,123,NA,NA,a,NA
ASN00086071,20130410,PRCP,0,NA,NA,a,NA
ASN00086071,20130411,TMAX,184,NA,NA,a,NA
ASN00086071,20130411,TMIN,146,NA,NA,a,NA
ASN00086071,20130411,PRCP,2,NA,NA,a,NA
ASN00086071,20130412,TMAX,251,NA,NA,a,NA
ASN00086071,20130412,TMIN,120,NA,NA,a,NA
ASN00086071,20130412,PRCP,12,NA,NA,a,NA
ASN00086071,20130413,TMAX,243,NA,NA,a,NA
ASN00086071,20130413,TMIN,153,NA,NA,a,NA
ASN00086071,20130414,TMAX,225,NA,NA,a,NA
ASN00086071,20130414,TMIN,164,NA,NA,a,NA
ASN00086071,20130415,TMAX,160,NA,NA,a,NA
ASN00086071,20130415,TMIN,138,NA,NA,a,NA
ASN00086071,20130415,PRCP,72,NA,NA,a,NA
ASN00086071,20130416,TMAX,202,NA,NA,a,NA
ASN00086071,20130416,TMIN,115,NA,NA,a,NA
ASN00086071,20130416,PRCP,4,NA,NA,a,NA
ASN00086071,20130417,TMAX,193,NA,NA,a,NA
ASN00086071,20130417,TMIN,116,NA,NA,a,NA
ASN00086071,20130417,PRCP,0,NA,NA,a,NA
ASN00086071,20130418,TMAX,185,NA,NA,a,NA
ASN00086071,20130418,TMIN,111,NA,NA,a,NA
ASN00086071,20130418,PRCP,10,NA,NA,a,NA
ASN00086071,20130419,TMAX,184,NA,NA,a,NA
ASN00086071,20130419,TMIN,98,NA,NA,a,NA
ASN00086071,20130419,PRCP,48,NA,NA,a,NA
ASN00086071,20130420,TMAX,190,NA,NA,a,NA
ASN00086071,20130420,TMIN,98,NA,NA,a,NA
ASN00086071,20130420,PRCP,0,NA,NA,a,NA
ASN00086071,20130421,TMAX,207,NA,NA,a,NA
ASN00086071,20130421,TMIN,69,NA,NA,a,NA
ASN00086071,20130421,PRCP,0,NA,NA,a,NA
ASN00086071,20130422,TMAX,172,NA,NA,a,NA
ASN00086071,20130422,TMIN,109,NA,NA,a,NA
ASN00086071,20130422,PRCP,12,NA,NA,a,NA
ASN00086071,20130423,TMAX,197,NA,NA,a,NA
ASN00086071,20130423,TMIN,120,NA,NA,a,NA
ASN00086071,20130423,PRCP,36,NA,NA,a,NA
ASN00086071,20130424,TMAX,209,NA,NA,a,NA
ASN00086071,20130424,TMIN,136,NA,NA,a,NA
ASN00086071,20130424,PRCP,0,NA,NA,a,NA
ASN00086071,20130425,TMAX,212,NA,NA,a,NA
ASN00086071,20130425,TMIN,108,NA,NA,a,NA
ASN00086071,20130425,PRCP,0,NA,NA,a,NA
ASN00086071,20130426,TMAX,236,NA,NA,a,NA
ASN00086071,20130426,TMIN,139,NA,NA,a,NA
ASN00086071,20130426,PRCP,24,NA,NA,a,NA
ASN00086071,20130427,TMAX,245,NA,NA,a,NA
ASN00086071,20130427,TMIN,147,NA,NA,a,NA
ASN00086071,20130427,PRCP,0,NA,NA,a,NA
ASN00086071,20130428,TMAX,195,NA,NA,a,NA
ASN00086071,20130428,TMIN,166,NA,NA,a,NA
ASN00086071,20130428,PRCP,0,NA,NA,a,NA
ASN00086071,20130429,TMAX,184,NA,NA,a,NA
ASN00086071,20130429,TMIN,106,NA,NA,a,NA
ASN00086071,20130429,PRCP,0,NA,NA,a,NA
ASN00086071,20130430,TMAX,193,NA,NA,a,NA
ASN00086071,20130430,TMIN,79,NA,NA,a,NA
ASN00086071,20130430,PRCP,0,NA,NA,a,NA
ASN00086071,20130501,TMAX,165,NA,NA,a,NA
ASN00086071,20130501,TMIN,93,NA,NA,a,NA
ASN00086071,20130501,PRCP,0,NA,NA,a,NA
ASN00086071,20130502,TMAX,183,NA,NA,a,NA
ASN00086071,20130502,TMIN,70,NA,NA,a,NA
ASN00086071,20130502,PRCP,18,NA,NA,a,NA
ASN00086071,20130503,TMAX,190,NA,NA,a,NA
ASN00086071,20130503,TMIN,93,NA,NA,a,NA
ASN00086071,20130503,PRCP,0,NA,NA,a,NA
ASN00086071,20130504,TMAX,171,NA,NA,a,NA
ASN00086071,20130504,TMIN,113,NA,NA,a,NA
ASN00086071,20130505,TMAX,151,NA,NA,a,NA
ASN00086071,20130505,TMIN,113,NA,NA,a,NA
ASN00086071,20130506,TMAX,190,NA,NA,a,NA
ASN00086071,20130506,TMIN,57,NA,NA,a,NA
ASN00086071,20130506,PRCP,0,NA,NA,a,NA
ASN00086071,20130507,TMAX,202,NA,NA,a,NA
ASN00086071,20130507,TMIN,72,NA,NA,a,NA
ASN00086071,20130507,PRCP,8,NA,NA,a,NA
ASN00086071,20130508,TMAX,230,NA,NA,a,NA
ASN00086071,20130508,TMIN,105,NA,NA,a,NA
ASN00086071,20130508,PRCP,0,NA,NA,a,NA
ASN00086071,20130509,TMAX,255,NA,NA,a,NA
ASN00086071,20130509,TMIN,135,NA,NA,a,NA
ASN00086071,20130509,PRCP,0,NA,NA,a,NA
ASN00086071,20130510,TMAX,251,NA,NA,a,NA
ASN00086071,20130510,TMIN,127,NA,NA,a,NA
ASN00086071,20130510,PRCP,0,NA,NA,a,NA
ASN00086071,20130511,TMAX,249,NA,NA,a,NA
ASN00086071,20130511,TMIN,135,NA,NA,a,NA
ASN00086071,20130512,TMAX,221,NA,NA,a,NA
ASN00086071,20130512,TMIN,165,NA,NA,a,NA
ASN00086071,20130513,TMAX,170,NA,NA,a,NA
ASN00086071,20130513,TMIN,143,NA,NA,a,NA
ASN00086071,20130513,PRCP,0,NA,NA,a,NA
ASN00086071,20130514,TMAX,136,NA,NA,a,NA
ASN00086071,20130514,TMIN,78,NA,NA,a,NA
ASN00086071,20130514,PRCP,24,NA,NA,a,NA
ASN00086071,20130515,TMAX,161,NA,NA,a,NA
ASN00086071,20130515,TMIN,93,NA,NA,a,NA
ASN00086071,20130515,PRCP,22,NA,NA,a,NA
ASN00086071,20130516,TMAX,160,NA,NA,a,NA
ASN00086071,20130516,TMIN,103,NA,NA,a,NA
ASN00086071,20130516,PRCP,86,NA,NA,a,NA
ASN00086071,20130517,TMAX,164,NA,NA,a,NA
ASN00086071,20130517,TMIN,98,NA,NA,a,NA
ASN00086071,20130517,PRCP,38,NA,NA,a,NA
ASN00086071,20130518,TMAX,153,NA,NA,a,NA
ASN00086071,20130518,TMIN,100,NA,NA,a,NA
ASN00086071,20130519,TMAX,173,NA,NA,a,NA
ASN00086071,20130519,TMIN,91,NA,NA,a,NA
ASN00086071,20130520,TMAX,139,NA,NA,a,NA
ASN00086071,20130520,TMIN,107,NA,NA,a,NA
ASN00086071,20130520,PRCP,2,NA,NA,a,NA
ASN00086071,20130521,TMAX,170,NA,NA,a,NA
ASN00086071,20130521,TMIN,74,NA,NA,a,NA
ASN00086071,20130521,PRCP,52,NA,NA,a,NA
ASN00086071,20130522,TMAX,154,NA,NA,a,NA
ASN00086071,20130522,TMIN,63,NA,NA,a,NA
ASN00086071,20130522,PRCP,0,NA,NA,a,NA
ASN00086071,20130523,TMAX,170,NA,NA,a,NA
ASN00086071,20130523,TMIN,56,NA,NA,a,NA
ASN00086071,20130523,PRCP,0,NA,NA,a,NA
ASN00086071,20130524,TMAX,167,NA,NA,a,NA
ASN00086071,20130524,TMIN,49,NA,NA,a,NA
ASN00086071,20130524,PRCP,0,NA,NA,a,NA
ASN00086071,20130525,TMAX,191,NA,NA,a,NA
ASN00086071,20130525,TMIN,79,NA,NA,a,NA
ASN00086071,20130526,TMAX,163,NA,NA,a,NA
ASN00086071,20130526,TMIN,111,NA,NA,a,NA
ASN00086071,20130527,TMAX,157,NA,NA,a,NA
ASN00086071,20130527,TMIN,117,NA,NA,a,NA
ASN00086071,20130527,PRCP,0,NA,NA,a,NA
ASN00086071,20130528,TMAX,183,NA,NA,a,NA
ASN00086071,20130528,TMIN,52,NA,NA,a,NA
ASN00086071,20130528,PRCP,0,NA,NA,a,NA
ASN00086071,20130529,TMAX,189,NA,NA,a,NA
ASN00086071,20130529,TMIN,72,NA,NA,a,NA
ASN00086071,20130529,PRCP,0,NA,NA,a,NA
ASN00086071,20130530,TMAX,157,NA,NA,a,NA
ASN00086071,20130530,TMIN,121,NA,NA,a,NA
ASN00086071,20130530,PRCP,12,NA,NA,a,NA
ASN00086071,20130531,TMAX,186,NA,NA,a,NA
ASN00086071,20130531,TMIN,140,NA,NA,a,NA
ASN00086071,20130531,PRCP,92,NA,NA,a,NA
ASN00086071,20130601,TMAX,163,NA,NA,a,NA
ASN00086071,20130601,TMIN,137,NA,NA,a,NA
ASN00086071,20130602,TMAX,178,NA,NA,a,NA
ASN00086071,20130602,TMIN,103,NA,NA,a,NA
ASN00086071,20130603,TMAX,158,NA,NA,a,NA
ASN00086071,20130603,TMIN,103,NA,NA,a,NA
ASN00086071,20130603,PRCP,2,NA,NA,a,NA
ASN00086071,20130604,TMAX,153,NA,NA,a,NA
ASN00086071,20130604,TMIN,118,NA,NA,a,NA
ASN00086071,20130604,PRCP,6,NA,NA,a,NA
ASN00086071,20130605,TMAX,142,NA,NA,a,NA
ASN00086071,20130605,TMIN,120,NA,NA,a,NA
ASN00086071,20130605,PRCP,0,NA,NA,a,NA
ASN00086071,20130606,TMAX,173,NA,NA,a,NA
ASN00086071,20130606,TMIN,125,NA,NA,a,NA
ASN00086071,20130606,PRCP,0,NA,NA,a,NA
ASN00086071,20130607,TMAX,159,NA,NA,a,NA
ASN00086071,20130607,TMIN,109,NA,NA,a,NA
ASN00086071,20130607,PRCP,170,NA,NA,a,NA
ASN00086071,20130608,TMAX,161,NA,NA,a,NA
ASN00086071,20130608,TMIN,49,NA,NA,a,NA
ASN00086071,20130609,TMAX,143,NA,NA,a,NA
ASN00086071,20130609,TMIN,61,NA,NA,a,NA
ASN00086071,20130610,TMAX,164,NA,NA,a,NA
ASN00086071,20130610,TMIN,68,NA,NA,a,NA
ASN00086071,20130611,TMAX,149,NA,NA,a,NA
ASN00086071,20130611,TMIN,97,NA,NA,a,NA
ASN00086071,20130611,PRCP,0,NA,NA,a,NA
ASN00086071,20130612,TMAX,135,NA,NA,a,NA
ASN00086071,20130612,TMIN,94,NA,NA,a,NA
ASN00086071,20130612,PRCP,4,NA,NA,a,NA
ASN00086071,20130613,TMAX,130,NA,NA,a,NA
ASN00086071,20130613,TMIN,108,NA,NA,a,NA
ASN00086071,20130613,PRCP,98,NA,NA,a,NA
ASN00086071,20130614,TMAX,156,NA,NA,a,NA
ASN00086071,20130614,TMIN,110,NA,NA,a,NA
ASN00086071,20130614,PRCP,102,NA,NA,a,NA
ASN00086071,20130615,TMAX,148,NA,NA,a,NA
ASN00086071,20130615,TMIN,97,NA,NA,a,NA
ASN00086071,20130616,TMAX,149,NA,NA,a,NA
ASN00086071,20130616,TMIN,93,NA,NA,a,NA
ASN00086071,20130617,TMAX,121,NA,NA,a,NA
ASN00086071,20130617,TMIN,72,NA,NA,a,NA
ASN00086071,20130617,PRCP,12,NA,NA,a,NA
ASN00086071,20130618,TMAX,159,NA,NA,a,NA
ASN00086071,20130618,TMIN,85,NA,NA,a,NA
ASN00086071,20130618,PRCP,16,NA,NA,a,NA
ASN00086071,20130619,TMAX,150,NA,NA,a,NA
ASN00086071,20130619,TMIN,48,NA,NA,a,NA
ASN00086071,20130619,PRCP,0,NA,NA,a,NA
ASN00086071,20130620,TMAX,152,NA,NA,a,NA
ASN00086071,20130620,TMIN,23,NA,NA,a,NA
ASN00086071,20130620,PRCP,0,NA,NA,a,NA
ASN00086071,20130621,TMAX,154,NA,NA,a,NA
ASN00086071,20130621,TMIN,32,NA,NA,a,NA
ASN00086071,20130621,PRCP,0,NA,NA,a,NA
ASN00086071,20130622,TMAX,148,NA,NA,a,NA
ASN00086071,20130622,TMIN,29,NA,NA,a,NA
ASN00086071,20130622,PRCP,0,NA,NA,a,NA
ASN00086071,20130623,TMAX,142,NA,NA,a,NA
ASN00086071,20130623,TMIN,15,NA,NA,a,NA
ASN00086071,20130623,PRCP,0,NA,NA,a,NA
ASN00086071,20130624,TMAX,121,NA,NA,a,NA
ASN00086071,20130624,TMIN,21,NA,NA,a,NA
ASN00086071,20130624,PRCP,0,NA,NA,a,NA
ASN00086071,20130625,TMAX,172,NA,NA,a,NA
ASN00086071,20130625,TMIN,40,NA,NA,a,NA
ASN00086071,20130625,PRCP,0,NA,NA,a,NA
ASN00086071,20130626,TMAX,175,NA,NA,a,NA
ASN00086071,20130626,TMIN,29,NA,NA,a,NA
ASN00086071,20130626,PRCP,0,NA,NA,a,NA
ASN00086071,20130627,TMAX,176,NA,NA,a,NA
ASN00086071,20130627,TMIN,47,NA,NA,a,NA
ASN00086071,20130627,PRCP,0,NA,NA,a,NA
ASN00086071,20130628,TMAX,169,NA,NA,a,NA
ASN00086071,20130628,TMIN,67,NA,NA,a,NA
ASN00086071,20130628,PRCP,0,NA,NA,a,NA
ASN00086071,20130629,TMAX,145,NA,NA,a,NA
ASN00086071,20130629,TMIN,67,NA,NA,a,NA
ASN00086071,20130629,PRCP,0,NA,NA,a,NA
ASN00086071,20130630,TMAX,183,NA,NA,a,NA
ASN00086071,20130630,TMIN,54,NA,NA,a,NA
ASN00086071,20130630,PRCP,0,NA,NA,a,NA
ASN00086071,20130701,TMAX,181,NA,NA,a,NA
ASN00086071,20130701,TMIN,74,NA,NA,a,NA
ASN00086071,20130701,PRCP,0,NA,NA,a,NA
ASN00086071,20130702,TMAX,192,NA,NA,a,NA
ASN00086071,20130702,TMIN,127,NA,NA,a,NA
ASN00086071,20130702,PRCP,16,NA,NA,a,NA
ASN00086071,20130703,TMAX,160,NA,NA,a,NA
ASN00086071,20130703,TMIN,99,NA,NA,a,NA
ASN00086071,20130703,PRCP,0,NA,NA,a,NA
ASN00086071,20130704,TMAX,163,NA,NA,a,NA
ASN00086071,20130704,TMIN,96,NA,NA,a,NA
ASN00086071,20130704,PRCP,0,NA,NA,a,NA
ASN00086071,20130705,TMAX,139,NA,NA,a,NA
ASN00086071,20130705,TMIN,90,NA,NA,a,NA
ASN00086071,20130705,PRCP,4,NA,NA,a,NA
ASN00086071,20130706,TMAX,162,NA,NA,a,NA
ASN00086071,20130706,TMIN,94,NA,NA,a,NA
ASN00086071,20130707,TMAX,136,NA,NA,a,NA
ASN00086071,20130707,TMIN,63,NA,NA,a,NA
ASN00086071,20130708,TMAX,151,NA,NA,a,NA
ASN00086071,20130708,TMIN,43,NA,NA,a,NA
ASN00086071,20130708,PRCP,24,NA,NA,a,NA
ASN00086071,20130709,TMAX,145,NA,NA,a,NA
ASN00086071,20130709,TMIN,31,NA,NA,a,NA
ASN00086071,20130709,PRCP,0,NA,NA,a,NA
ASN00086071,20130710,TMAX,152,NA,NA,a,NA
ASN00086071,20130710,TMIN,31,NA,NA,a,NA
ASN00086071,20130710,PRCP,0,NA,NA,a,NA
ASN00086071,20130711,TMAX,160,NA,NA,a,NA
ASN00086071,20130711,TMIN,42,NA,NA,a,NA
ASN00086071,20130711,PRCP,0,NA,NA,a,NA
ASN00086071,20130712,TMAX,175,NA,NA,a,NA
ASN00086071,20130712,TMIN,59,NA,NA,a,NA
ASN00086071,20130712,PRCP,0,NA,NA,a,NA
ASN00086071,20130713,TMAX,151,NA,NA,a,NA
ASN00086071,20130713,TMIN,80,NA,NA,a,NA
ASN00086071,20130714,TMAX,161,NA,NA,a,NA
ASN00086071,20130714,TMIN,108,NA,NA,a,NA
ASN00086071,20130715,TMAX,195,NA,NA,a,NA
ASN00086071,20130715,TMIN,125,NA,NA,a,NA
ASN00086071,20130715,PRCP,12,NA,NA,a,NA
ASN00086071,20130716,TMAX,167,NA,NA,a,NA
ASN00086071,20130716,TMIN,106,NA,NA,a,NA
ASN00086071,20130716,PRCP,0,NA,NA,a,NA
ASN00086071,20130717,TMAX,182,NA,NA,a,NA
ASN00086071,20130717,TMIN,105,NA,NA,a,NA
ASN00086071,20130717,PRCP,0,NA,NA,a,NA
ASN00086071,20130718,TMAX,233,NA,NA,a,NA
ASN00086071,20130718,TMIN,129,NA,NA,a,NA
ASN00086071,20130718,PRCP,0,NA,NA,a,NA
ASN00086071,20130719,TMAX,170,NA,NA,a,NA
ASN00086071,20130719,TMIN,143,NA,NA,a,NA
ASN00086071,20130719,PRCP,70,NA,NA,a,NA
ASN00086071,20130720,TMAX,97,NA,NA,a,NA
ASN00086071,20130720,TMIN,79,NA,NA,a,NA
ASN00086071,20130721,TMAX,111,NA,NA,a,NA
ASN00086071,20130721,TMIN,57,NA,NA,a,NA
ASN00086071,20130722,TMAX,143,NA,NA,a,NA
ASN00086071,20130722,TMIN,64,NA,NA,a,NA
ASN00086071,20130722,PRCP,0,NA,NA,a,NA
ASN00086071,20130723,TMAX,139,NA,NA,a,NA
ASN00086071,20130723,TMIN,80,NA,NA,a,NA
ASN00086071,20130723,PRCP,32,NA,NA,a,NA
ASN00086071,20130724,TMAX,144,NA,NA,a,NA
ASN00086071,20130724,TMIN,106,NA,NA,a,NA
ASN00086071,20130724,PRCP,0,NA,NA,a,NA
ASN00086071,20130725,TMAX,124,NA,NA,a,NA
ASN00086071,20130725,TMIN,41,NA,NA,a,NA
ASN00086071,20130725,PRCP,0,NA,NA,a,NA
ASN00086071,20130726,TMAX,151,NA,NA,a,NA
ASN00086071,20130726,TMIN,78,NA,NA,a,NA
ASN00086071,20130726,PRCP,6,NA,NA,a,NA
ASN00086071,20130727,TMAX,141,NA,NA,a,NA
ASN00086071,20130727,TMIN,93,NA,NA,a,NA
ASN00086071,20130728,TMAX,182,NA,NA,a,NA
ASN00086071,20130728,TMIN,105,NA,NA,a,NA
ASN00086071,20130729,TMAX,195,NA,NA,a,NA
ASN00086071,20130729,TMIN,122,NA,NA,a,NA
ASN00086071,20130729,PRCP,50,NA,NA,a,NA
ASN00086071,20130730,TMAX,162,NA,NA,a,NA
ASN00086071,20130730,TMIN,103,NA,NA,a,NA
ASN00086071,20130730,PRCP,22,NA,NA,a,NA
ASN00086071,20130731,TMAX,157,NA,NA,a,NA
ASN00086071,20130731,TMIN,36,NA,NA,a,NA
ASN00086071,20130731,PRCP,0,NA,NA,a,NA
ASN00086071,20130801,TMAX,148,NA,NA,a,NA
ASN00086071,20130801,TMIN,52,NA,NA,a,NA
ASN00086071,20130801,PRCP,0,NA,NA,a,NA
ASN00086071,20130802,TMAX,139,NA,NA,a,NA
ASN00086071,20130802,TMIN,77,NA,NA,a,NA
ASN00086071,20130802,PRCP,0,NA,NA,a,NA
ASN00086071,20130803,TMAX,129,NA,NA,a,NA
ASN00086071,20130803,TMIN,72,NA,NA,a,NA
ASN00086071,20130804,TMAX,141,NA,NA,a,NA
ASN00086071,20130804,TMIN,83,NA,NA,a,NA
ASN00086071,20130805,TMAX,161,NA,NA,a,NA
ASN00086071,20130805,TMIN,94,NA,NA,a,NA
ASN00086071,20130805,PRCP,14,NA,NA,a,NA
ASN00086071,20130806,TMAX,168,NA,NA,a,NA
ASN00086071,20130806,TMIN,110,NA,NA,a,NA
ASN00086071,20130806,PRCP,62,NA,NA,a,NA
ASN00086071,20130807,TMAX,137,NA,NA,a,NA
ASN00086071,20130807,TMIN,69,NA,NA,a,NA
ASN00086071,20130807,PRCP,8,NA,NA,a,NA
ASN00086071,20130808,TMAX,154,NA,NA,a,NA
ASN00086071,20130808,TMIN,70,NA,NA,a,NA
ASN00086071,20130808,PRCP,158,NA,NA,a,NA
ASN00086071,20130809,TMAX,117,NA,NA,a,NA
ASN00086071,20130809,TMIN,83,NA,NA,a,NA
ASN00086071,20130809,PRCP,64,NA,NA,a,NA
ASN00086071,20130810,TMAX,183,NA,NA,a,NA
ASN00086071,20130810,TMIN,88,NA,NA,a,NA
ASN00086071,20130810,PRCP,0,NA,NA,a,NA
ASN00086071,20130811,TMAX,165,NA,NA,a,NA
ASN00086071,20130811,TMIN,84,NA,NA,a,NA
ASN00086071,20130811,PRCP,0,NA,NA,a,NA
ASN00086071,20130812,TMAX,147,NA,NA,a,NA
ASN00086071,20130812,TMIN,105,NA,NA,a,NA
ASN00086071,20130812,PRCP,0,NA,NA,a,NA
ASN00086071,20130813,TMAX,165,NA,NA,a,NA
ASN00086071,20130813,TMIN,84,NA,NA,a,NA
ASN00086071,20130813,PRCP,16,NA,NA,a,NA
ASN00086071,20130814,TMAX,144,NA,NA,a,NA
ASN00086071,20130814,TMIN,107,NA,NA,a,NA
ASN00086071,20130814,PRCP,0,NA,NA,a,NA
ASN00086071,20130815,TMAX,179,NA,NA,a,NA
ASN00086071,20130815,TMIN,74,NA,NA,a,NA
ASN00086071,20130815,PRCP,12,NA,NA,a,NA
ASN00086071,20130816,TMAX,175,NA,NA,a,NA
ASN00086071,20130816,TMIN,105,NA,NA,a,NA
ASN00086071,20130816,PRCP,0,NA,NA,a,NA
ASN00086071,20130817,TMAX,158,NA,NA,a,NA
ASN00086071,20130817,TMIN,94,NA,NA,a,NA
ASN00086071,20130818,TMAX,177,NA,NA,a,NA
ASN00086071,20130818,TMIN,109,NA,NA,a,NA
ASN00086071,20130819,TMAX,140,NA,NA,a,NA
ASN00086071,20130819,TMIN,76,NA,NA,a,NA
ASN00086071,20130819,PRCP,4,NA,NA,a,NA
ASN00086071,20130820,TMAX,135,NA,NA,a,NA
ASN00086071,20130820,TMIN,53,NA,NA,a,NA
ASN00086071,20130820,PRCP,6,NA,NA,a,NA
ASN00086071,20130821,TMAX,141,NA,NA,a,NA
ASN00086071,20130821,TMIN,68,NA,NA,a,NA
ASN00086071,20130821,PRCP,2,NA,NA,a,NA
ASN00086071,20130822,TMAX,154,NA,NA,a,NA
ASN00086071,20130822,TMIN,94,NA,NA,a,NA
ASN00086071,20130822,PRCP,0,NA,NA,a,NA
ASN00086071,20130823,TMAX,151,NA,NA,a,NA
ASN00086071,20130823,TMIN,111,NA,NA,a,NA
ASN00086071,20130823,PRCP,32,NA,NA,a,NA
ASN00086071,20130824,TMAX,168,NA,NA,a,NA
ASN00086071,20130824,TMIN,103,NA,NA,a,NA
ASN00086071,20130825,TMAX,174,NA,NA,a,NA
ASN00086071,20130825,TMIN,115,NA,NA,a,NA
ASN00086071,20130826,TMAX,191,NA,NA,a,NA
ASN00086071,20130826,TMIN,109,NA,NA,a,NA
ASN00086071,20130826,PRCP,0,NA,NA,a,NA
ASN00086071,20130827,TMAX,206,NA,NA,a,NA
ASN00086071,20130827,TMIN,91,NA,NA,a,NA
ASN00086071,20130827,PRCP,0,NA,NA,a,NA
ASN00086071,20130828,TMAX,225,NA,NA,a,NA
ASN00086071,20130828,TMIN,113,NA,NA,a,NA
ASN00086071,20130828,PRCP,0,NA,NA,a,NA
ASN00086071,20130829,TMAX,231,NA,NA,a,NA
ASN00086071,20130829,TMIN,139,NA,NA,a,NA
ASN00086071,20130829,PRCP,0,NA,NA,a,NA
ASN00086071,20130830,TMAX,193,NA,NA,a,NA
ASN00086071,20130830,TMIN,146,NA,NA,a,NA
ASN00086071,20130830,PRCP,36,NA,NA,a,NA
ASN00086071,20130831,TMAX,225,NA,NA,a,NA
ASN00086071,20130831,TMIN,106,NA,NA,a,NA
ASN00086071,20130831,PRCP,10,NA,NA,a,NA
ASN00086071,20130901,TMAX,238,NA,NA,a,NA
ASN00086071,20130901,TMIN,145,NA,NA,a,NA
ASN00086071,20130901,PRCP,2,NA,NA,a,NA
ASN00086071,20130902,TMAX,212,NA,NA,a,NA
ASN00086071,20130902,TMIN,148,NA,NA,a,NA
ASN00086071,20130902,PRCP,0,NA,NA,a,NA
ASN00086071,20130903,TMAX,246,NA,NA,a,NA
ASN00086071,20130903,TMIN,106,NA,NA,a,NA
ASN00086071,20130903,PRCP,0,NA,NA,a,NA
ASN00086071,20130904,TMAX,239,NA,NA,a,NA
ASN00086071,20130904,TMIN,142,NA,NA,a,NA
ASN00086071,20130904,PRCP,0,NA,NA,a,NA
ASN00086071,20130905,TMAX,198,NA,NA,a,NA
ASN00086071,20130905,TMIN,197,NA,NA,a,NA
ASN00086071,20130905,PRCP,0,NA,NA,a,NA
ASN00086071,20130906,TMAX,153,NA,NA,a,NA
ASN00086071,20130906,TMIN,118,NA,NA,a,NA
ASN00086071,20130906,PRCP,32,NA,NA,a,NA
ASN00086071,20130907,TMAX,201,NA,NA,a,NA
ASN00086071,20130907,TMIN,88,NA,NA,a,NA
ASN00086071,20130908,TMAX,183,NA,NA,a,NA
ASN00086071,20130908,TMIN,88,NA,NA,a,NA
ASN00086071,20130909,TMAX,229,NA,NA,a,NA
ASN00086071,20130909,TMIN,115,NA,NA,a,NA
ASN00086071,20130909,PRCP,2,NA,NA,a,NA
ASN00086071,20130910,TMAX,172,NA,NA,a,NA
ASN00086071,20130910,TMIN,119,NA,NA,a,NA
ASN00086071,20130910,PRCP,0,NA,NA,a,NA
ASN00086071,20130911,TMAX,179,NA,NA,a,NA
ASN00086071,20130911,TMIN,112,NA,NA,a,NA
ASN00086071,20130911,PRCP,2,NA,NA,a,NA
ASN00086071,20130912,TMAX,160,NA,NA,a,NA
ASN00086071,20130912,TMIN,85,NA,NA,a,NA
ASN00086071,20130912,PRCP,24,NA,NA,a,NA
ASN00086071,20130913,TMAX,160,NA,NA,a,NA
ASN00086071,20130913,TMIN,39,NA,NA,a,NA
ASN00086071,20130913,PRCP,20,NA,NA,a,NA
ASN00086071,20130914,TMAX,192,NA,NA,a,NA
ASN00086071,20130914,TMIN,78,NA,NA,a,NA
ASN00086071,20130915,TMAX,218,NA,NA,a,NA
ASN00086071,20130915,TMIN,104,NA,NA,a,NA
ASN00086071,20130916,TMAX,167,NA,NA,a,NA
ASN00086071,20130916,TMIN,130,NA,NA,a,NA
ASN00086071,20130916,PRCP,32,NA,NA,a,NA
ASN00086071,20130917,TMAX,196,NA,NA,a,NA
ASN00086071,20130917,TMIN,120,NA,NA,a,NA
ASN00086071,20130917,PRCP,238,NA,NA,a,NA
ASN00086071,20130918,TMAX,201,NA,NA,a,NA
ASN00086071,20130918,TMIN,131,NA,NA,a,NA
ASN00086071,20130918,PRCP,0,NA,NA,a,NA
ASN00086071,20130919,TMAX,173,NA,NA,a,NA
ASN00086071,20130919,TMIN,102,NA,NA,a,NA
ASN00086071,20130919,PRCP,104,NA,NA,a,NA
ASN00086071,20130920,TMAX,184,NA,NA,a,NA
ASN00086071,20130920,TMIN,103,NA,NA,a,NA
ASN00086071,20130920,PRCP,18,NA,NA,a,NA
ASN00086071,20130921,TMAX,193,NA,NA,a,NA
ASN00086071,20130921,TMIN,64,NA,NA,a,NA
ASN00086071,20130922,TMAX,212,NA,NA,a,NA
ASN00086071,20130922,TMIN,112,NA,NA,a,NA
ASN00086071,20130923,TMAX,240,NA,NA,a,NA
ASN00086071,20130923,TMIN,99,NA,NA,a,NA
ASN00086071,20130923,PRCP,0,NA,NA,a,NA
ASN00086071,20130924,TMAX,246,NA,NA,a,NA
ASN00086071,20130924,TMIN,149,NA,NA,a,NA
ASN00086071,20130924,PRCP,0,NA,NA,a,NA
ASN00086071,20130925,TMAX,248,NA,NA,a,NA
ASN00086071,20130925,TMIN,165,NA,NA,a,NA
ASN00086071,20130926,TMAX,162,NA,NA,a,NA
ASN00086071,20130926,TMIN,116,NA,NA,a,NA
ASN00086071,20130926,PRCP,314,NA,NA,a,NA
ASN00086071,20130927,TMAX,202,NA,NA,a,NA
ASN00086071,20130927,TMIN,72,NA,NA,a,NA
ASN00086071,20130927,PRCP,14,NA,NA,a,NA
ASN00086071,20130928,TMAX,164,NA,NA,a,NA
ASN00086071,20130928,TMIN,88,NA,NA,a,NA
ASN00086071,20130929,TMAX,214,NA,NA,a,NA
ASN00086071,20130929,TMIN,76,NA,NA,a,NA
ASN00086071,20130930,TMAX,237,NA,NA,a,NA
ASN00086071,20130930,TMIN,143,NA,NA,a,NA
ASN00086071,20130930,PRCP,2,NA,NA,a,NA
ASN00086071,20131001,TMAX,177,NA,NA,a,NA
ASN00086071,20131001,TMIN,116,NA,NA,a,NA
ASN00086071,20131001,PRCP,20,NA,NA,a,NA
ASN00086071,20131002,TMAX,171,NA,NA,a,NA
ASN00086071,20131002,TMIN,98,NA,NA,a,NA
ASN00086071,20131002,PRCP,2,NA,NA,a,NA
ASN00086071,20131003,TMAX,165,NA,NA,a,NA
ASN00086071,20131003,TMIN,82,NA,NA,a,NA
ASN00086071,20131003,PRCP,14,NA,NA,a,NA
ASN00086071,20131004,TMAX,215,NA,NA,a,NA
ASN00086071,20131004,TMIN,58,NA,NA,a,NA
ASN00086071,20131004,PRCP,4,NA,NA,a,NA
ASN00086071,20131005,TMAX,255,NA,NA,a,NA
ASN00086071,20131005,TMIN,128,NA,NA,a,NA
ASN00086071,20131006,TMAX,179,NA,NA,a,NA
ASN00086071,20131006,TMIN,135,NA,NA,a,NA
ASN00086071,20131007,TMAX,179,NA,NA,a,NA
ASN00086071,20131007,TMIN,93,NA,NA,a,NA
ASN00086071,20131007,PRCP,26,NA,NA,a,NA
ASN00086071,20131008,TMAX,218,NA,NA,a,NA
ASN00086071,20131008,TMIN,110,NA,NA,a,NA
ASN00086071,20131008,PRCP,10,NA,NA,a,NA
ASN00086071,20131009,TMAX,267,NA,NA,a,NA
ASN00086071,20131009,TMIN,136,NA,NA,a,NA
ASN00086071,20131009,PRCP,0,NA,NA,a,NA
ASN00086071,20131010,TMAX,166,NA,NA,a,NA
ASN00086071,20131010,TMIN,164,NA,NA,a,NA
ASN00086071,20131010,PRCP,0,NA,NA,a,NA
ASN00086071,20131011,TMAX,213,NA,NA,a,NA
ASN00086071,20131011,TMIN,100,NA,NA,a,NA
ASN00086071,20131011,PRCP,42,NA,NA,a,NA
ASN00086071,20131012,TMAX,255,NA,NA,a,NA
ASN00086071,20131012,TMIN,113,NA,NA,a,NA
ASN00086071,20131013,TMAX,174,NA,NA,a,NA
ASN00086071,20131013,TMIN,123,NA,NA,a,NA
ASN00086071,20131014,TMAX,150,NA,NA,a,NA
ASN00086071,20131014,TMIN,76,NA,NA,a,NA
ASN00086071,20131014,PRCP,52,NA,NA,a,NA
ASN00086071,20131015,TMAX,195,NA,NA,a,NA
ASN00086071,20131015,TMIN,94,NA,NA,a,NA
ASN00086071,20131015,PRCP,26,NA,NA,a,NA
ASN00086071,20131016,TMAX,274,NA,NA,a,NA
ASN00086071,20131016,TMIN,129,NA,NA,a,NA
ASN00086071,20131016,PRCP,0,NA,NA,a,NA
ASN00086071,20131017,TMAX,160,NA,NA,a,NA
ASN00086071,20131017,TMIN,108,NA,NA,a,NA
ASN00086071,20131017,PRCP,18,NA,NA,a,NA
ASN00086071,20131018,TMAX,221,NA,NA,a,NA
ASN00086071,20131018,TMIN,66,NA,NA,a,NA
ASN00086071,20131018,PRCP,8,NA,NA,a,NA
ASN00086071,20131019,TMAX,265,NA,NA,a,NA
ASN00086071,20131019,TMIN,122,NA,NA,a,NA
ASN00086071,20131019,PRCP,0,NA,NA,a,NA
ASN00086071,20131020,TMAX,316,NA,NA,a,NA
ASN00086071,20131020,TMIN,173,NA,NA,a,NA
ASN00086071,20131020,PRCP,0,NA,NA,a,NA
ASN00086071,20131021,TMAX,176,NA,NA,a,NA
ASN00086071,20131021,TMIN,148,NA,NA,a,NA
ASN00086071,20131021,PRCP,0,NA,NA,a,NA
ASN00086071,20131022,TMAX,172,NA,NA,a,NA
ASN00086071,20131022,TMIN,123,NA,NA,a,NA
ASN00086071,20131022,PRCP,4,NA,NA,a,NA
ASN00086071,20131023,TMAX,161,NA,NA,a,NA
ASN00086071,20131023,TMIN,129,NA,NA,a,NA
ASN00086071,20131023,PRCP,160,NA,NA,a,NA
ASN00086071,20131024,TMAX,160,NA,NA,a,NA
ASN00086071,20131024,TMIN,72,NA,NA,a,NA
ASN00086071,20131024,PRCP,64,NA,NA,a,NA
ASN00086071,20131025,TMAX,163,NA,NA,a,NA
ASN00086071,20131025,TMIN,75,NA,NA,a,NA
ASN00086071,20131025,PRCP,6,NA,NA,a,NA
ASN00086071,20131026,TMAX,172,NA,NA,a,NA
ASN00086071,20131026,TMIN,102,NA,NA,a,NA
ASN00086071,20131027,TMAX,182,NA,NA,a,NA
ASN00086071,20131027,TMIN,99,NA,NA,a,NA
ASN00086071,20131028,TMAX,182,NA,NA,a,NA
ASN00086071,20131028,TMIN,113,NA,NA,a,NA
ASN00086071,20131028,PRCP,0,NA,NA,a,NA
ASN00086071,20131029,TMAX,184,NA,NA,a,NA
ASN00086071,20131029,TMIN,117,NA,NA,a,NA
ASN00086071,20131029,PRCP,34,NA,NA,a,NA
ASN00086071,20131030,TMAX,199,NA,NA,a,NA
ASN00086071,20131030,TMIN,122,NA,NA,a,NA
ASN00086071,20131030,PRCP,0,NA,NA,a,NA
ASN00086071,20131031,TMAX,184,NA,NA,a,NA
ASN00086071,20131031,TMIN,123,NA,NA,a,NA
ASN00086071,20131031,PRCP,0,NA,NA,a,NA
ASN00086071,20131101,TMAX,227,NA,NA,a,NA
ASN00086071,20131101,TMIN,95,NA,NA,a,NA
ASN00086071,20131101,PRCP,0,NA,NA,a,NA
ASN00086071,20131102,TMAX,261,NA,NA,a,NA
ASN00086071,20131102,TMIN,128,NA,NA,a,NA
ASN00086071,20131103,TMAX,177,NA,NA,a,NA
ASN00086071,20131103,TMIN,133,NA,NA,a,NA
ASN00086071,20131104,TMAX,178,NA,NA,a,NA
ASN00086071,20131104,TMIN,103,NA,NA,a,NA
ASN00086071,20131104,PRCP,14,NA,NA,a,NA
ASN00086071,20131105,TMAX,260,NA,NA,a,NA
ASN00086071,20131105,TMIN,91,NA,NA,a,NA
ASN00086071,20131105,PRCP,0,NA,NA,a,NA
ASN00086071,20131106,TMAX,307,NA,NA,a,NA
ASN00086071,20131106,TMIN,122,NA,NA,a,NA
ASN00086071,20131106,PRCP,0,NA,NA,a,NA
ASN00086071,20131107,TMAX,258,NA,NA,a,NA
ASN00086071,20131107,TMIN,202,NA,NA,a,NA
ASN00086071,20131107,PRCP,0,NA,NA,a,NA
ASN00086071,20131108,TMAX,186,NA,NA,a,NA
ASN00086071,20131108,TMIN,144,NA,NA,a,NA
ASN00086071,20131108,PRCP,0,NA,NA,a,NA
ASN00086071,20131109,TMAX,175,NA,NA,a,NA
ASN00086071,20131109,TMIN,103,NA,NA,a,NA
ASN00086071,20131110,TMAX,181,NA,NA,a,NA
ASN00086071,20131110,TMIN,97,NA,NA,a,NA
ASN00086071,20131111,TMAX,194,NA,NA,a,NA
ASN00086071,20131111,TMIN,98,NA,NA,a,NA
ASN00086071,20131111,PRCP,0,NA,NA,a,NA
ASN00086071,20131112,TMAX,159,NA,NA,a,NA
ASN00086071,20131112,TMIN,124,NA,NA,a,NA
ASN00086071,20131112,PRCP,10,NA,NA,a,NA
ASN00086071,20131113,TMAX,147,NA,NA,a,NA
ASN00086071,20131113,TMIN,100,NA,NA,a,NA
ASN00086071,20131113,PRCP,200,NA,NA,a,NA
ASN00086071,20131114,TMAX,175,NA,NA,a,NA
ASN00086071,20131114,TMIN,107,NA,NA,a,NA
ASN00086071,20131114,PRCP,78,NA,NA,a,NA
ASN00086071,20131115,TMAX,190,NA,NA,a,NA
ASN00086071,20131115,TMIN,116,NA,NA,a,NA
ASN00086071,20131115,PRCP,2,NA,NA,a,NA
ASN00086071,20131116,TMAX,190,NA,NA,a,NA
ASN00086071,20131116,TMIN,107,NA,NA,a,NA
ASN00086071,20131117,TMAX,206,NA,NA,a,NA
ASN00086071,20131117,TMIN,96,NA,NA,a,NA
ASN00086071,20131118,TMAX,277,NA,NA,a,NA
ASN00086071,20131118,TMIN,115,NA,NA,a,NA
ASN00086071,20131118,PRCP,0,NA,NA,a,NA
ASN00086071,20131119,TMAX,316,NA,NA,a,NA
ASN00086071,20131119,TMIN,147,NA,NA,a,NA
ASN00086071,20131119,PRCP,0,NA,NA,a,NA
ASN00086071,20131120,TMAX,189,NA,NA,a,NA
ASN00086071,20131120,TMIN,144,NA,NA,a,NA
ASN00086071,20131121,TMAX,241,NA,NA,a,NA
ASN00086071,20131121,TMIN,119,NA,NA,a,NA
ASN00086071,20131121,PRCP,0,NA,NA,a,NA
ASN00086071,20131122,TMAX,230,NA,NA,a,NA
ASN00086071,20131122,TMIN,133,NA,NA,a,NA
ASN00086071,20131122,PRCP,0,NA,NA,a,NA
ASN00086071,20131123,TMAX,202,NA,NA,a,NA
ASN00086071,20131123,TMIN,131,NA,NA,a,NA
ASN00086071,20131124,TMAX,196,NA,NA,a,NA
ASN00086071,20131124,TMIN,117,NA,NA,a,NA
ASN00086071,20131125,TMAX,229,NA,NA,a,NA
ASN00086071,20131125,TMIN,132,NA,NA,a,NA
ASN00086071,20131125,PRCP,2,NA,NA,a,NA
ASN00086071,20131126,TMAX,291,NA,NA,a,NA
ASN00086071,20131126,TMIN,103,NA,NA,a,NA
ASN00086071,20131126,PRCP,0,NA,NA,a,NA
ASN00086071,20131127,TMAX,331,NA,NA,a,NA
ASN00086071,20131127,TMIN,157,NA,NA,a,NA
ASN00086071,20131127,PRCP,0,NA,NA,a,NA
ASN00086071,20131128,TMAX,242,NA,NA,a,NA
ASN00086071,20131128,TMIN,218,NA,NA,a,NA
ASN00086071,20131128,PRCP,0,NA,NA,a,NA
ASN00086071,20131129,TMAX,193,NA,NA,a,NA
ASN00086071,20131129,TMIN,120,NA,NA,a,NA
ASN00086071,20131129,PRCP,84,NA,NA,a,NA
ASN00086071,20131130,TMAX,198,NA,NA,a,NA
ASN00086071,20131130,TMIN,123,NA,NA,a,NA
ASN00086071,20131130,PRCP,0,NA,NA,a,NA
ASN00086071,20131201,TMAX,310,NA,NA,a,NA
ASN00086071,20131201,TMIN,101,NA,NA,a,NA
ASN00086071,20131202,TMAX,360,NA,NA,a,NA
ASN00086071,20131202,TMIN,166,NA,NA,a,NA
ASN00086071,20131202,PRCP,0,NA,NA,a,NA
ASN00086071,20131203,TMAX,249,NA,NA,a,NA
ASN00086071,20131203,TMIN,169,NA,NA,a,NA
ASN00086071,20131203,PRCP,0,NA,NA,a,NA
ASN00086071,20131204,TMAX,210,NA,NA,a,NA
ASN00086071,20131204,TMIN,172,NA,NA,a,NA
ASN00086071,20131204,PRCP,90,NA,NA,a,NA
ASN00086071,20131205,TMAX,168,NA,NA,a,NA
ASN00086071,20131205,TMIN,107,NA,NA,a,NA
ASN00086071,20131205,PRCP,76,NA,NA,a,NA
ASN00086071,20131206,TMAX,191,NA,NA,a,NA
ASN00086071,20131206,TMIN,79,NA,NA,a,NA
ASN00086071,20131207,TMAX,271,NA,NA,a,NA
ASN00086071,20131207,TMIN,110,NA,NA,a,NA
ASN00086071,20131208,TMAX,278,NA,NA,a,NA
ASN00086071,20131208,TMIN,163,NA,NA,a,NA
ASN00086071,20131209,TMAX,184,NA,NA,a,NA
ASN00086071,20131209,TMIN,163,NA,NA,a,NA
ASN00086071,20131209,PRCP,0,NA,NA,a,NA
ASN00086071,20131210,TMAX,210,NA,NA,a,NA
ASN00086071,20131210,TMIN,125,NA,NA,a,NA
ASN00086071,20131211,TMAX,211,NA,NA,a,NA
ASN00086071,20131211,TMIN,137,NA,NA,a,NA
ASN00086071,20131211,PRCP,0,NA,NA,a,NA
ASN00086071,20131212,TMAX,240,NA,NA,a,NA
ASN00086071,20131212,TMIN,110,NA,NA,a,NA
ASN00086071,20131212,PRCP,24,NA,NA,a,NA
ASN00086071,20131213,TMAX,227,NA,NA,a,NA
ASN00086071,20131213,TMIN,144,NA,NA,a,NA
ASN00086071,20131213,PRCP,0,NA,NA,a,NA
ASN00086071,20131214,TMAX,200,NA,NA,a,NA
ASN00086071,20131214,TMIN,144,NA,NA,a,NA
ASN00086071,20131214,PRCP,0,NA,NA,a,NA
ASN00086071,20131215,TMAX,217,NA,NA,a,NA
ASN00086071,20131215,TMIN,140,NA,NA,a,NA
ASN00086071,20131215,PRCP,0,NA,NA,a,NA
ASN00086071,20131216,TMAX,214,NA,NA,a,NA
ASN00086071,20131216,TMIN,148,NA,NA,a,NA
ASN00086071,20131216,PRCP,0,NA,NA,a,NA
ASN00086071,20131217,TMAX,221,NA,NA,a,NA
ASN00086071,20131217,TMIN,142,NA,NA,a,NA
ASN00086071,20131217,PRCP,0,NA,NA,a,NA
ASN00086071,20131218,TMAX,269,NA,NA,a,NA
ASN00086071,20131218,TMIN,139,NA,NA,a,NA
ASN00086071,20131218,PRCP,0,NA,NA,a,NA
ASN00086071,20131219,TMAX,399,NA,NA,a,NA
ASN00086071,20131219,TMIN,157,NA,NA,a,NA
ASN00086071,20131219,PRCP,0,NA,NA,a,NA
ASN00086071,20131220,TMAX,242,NA,NA,a,NA
ASN00086071,20131220,TMIN,213,NA,NA,a,NA
ASN00086071,20131220,PRCP,0,NA,NA,a,NA
ASN00086071,20131221,TMAX,214,NA,NA,a,NA
ASN00086071,20131221,TMIN,151,NA,NA,a,NA
ASN00086071,20131221,PRCP,0,NA,NA,a,NA
ASN00086071,20131222,TMAX,284,NA,NA,a,NA
ASN00086071,20131222,TMIN,166,NA,NA,a,NA
ASN00086071,20131222,PRCP,0,NA,NA,a,NA
ASN00086071,20131223,TMAX,182,NA,NA,a,NA
ASN00086071,20131223,TMIN,146,NA,NA,a,NA
ASN00086071,20131223,PRCP,26,NA,NA,a,NA
ASN00086071,20131224,TMAX,233,NA,NA,a,NA
ASN00086071,20131224,TMIN,135,NA,NA,a,NA
ASN00086071,20131224,PRCP,24,NA,NA,a,NA
ASN00086071,20131225,TMAX,318,NA,NA,a,NA
ASN00086071,20131225,TMIN,123,NA,NA,a,NA
ASN00086071,20131225,PRCP,0,NA,NA,a,NA
ASN00086071,20131226,TMAX,276,NA,NA,a,NA
ASN00086071,20131226,TMIN,177,NA,NA,a,NA
ASN00086071,20131226,PRCP,0,NA,NA,a,NA
ASN00086071,20131227,TMAX,224,NA,NA,a,NA
ASN00086071,20131227,TMIN,164,NA,NA,a,NA
ASN00086071,20131227,PRCP,0,NA,NA,a,NA
ASN00086071,20131228,TMAX,365,NA,NA,a,NA
ASN00086071,20131228,TMIN,148,NA,NA,a,NA
ASN00086071,20131228,PRCP,0,NA,NA,a,NA
ASN00086071,20131229,TMAX,209,NA,NA,a,NA
ASN00086071,20131229,TMIN,144,NA,NA,a,NA
ASN00086071,20131229,PRCP,0,NA,NA,a,NA
ASN00086071,20131230,TMAX,226,NA,NA,a,NA
ASN00086071,20131230,TMIN,116,NA,NA,a,NA
ASN00086071,20131230,PRCP,0,NA,NA,a,NA
ASN00086071,20131231,TMAX,254,NA,NA,a,NA
ASN00086071,20131231,TMIN,120,NA,NA,a,NA
ASN00086071,20131231,PRCP,0,NA,NA,a,NA
ASN00086071,20140101,TMAX,263,NA,NA,a,NA
ASN00086071,20140101,TMIN,162,NA,NA,a,NA
ASN00086071,20140101,PRCP,0,NA,NA,a,NA
ASN00086071,20140102,TMAX,236,NA,NA,a,NA
ASN00086071,20140102,TMIN,152,NA,NA,a,NA
ASN00086071,20140102,PRCP,48,NA,NA,a,NA
ASN00086071,20140103,TMAX,223,NA,NA,a,NA
ASN00086071,20140103,TMIN,139,NA,NA,a,NA
ASN00086071,20140103,PRCP,0,NA,NA,a,NA
ASN00086071,20140104,TMAX,207,NA,NA,a,NA
ASN00086071,20140104,TMIN,134,NA,NA,a,NA
ASN00086071,20140105,TMAX,267,NA,NA,a,NA
ASN00086071,20140105,TMIN,109,NA,NA,a,NA
ASN00086071,20140106,TMAX,202,NA,NA,a,NA
ASN00086071,20140106,TMIN,127,NA,NA,a,NA
ASN00086071,20140106,PRCP,6,NA,NA,a,NA
ASN00086071,20140107,TMAX,208,NA,NA,a,NA
ASN00086071,20140107,TMIN,140,NA,NA,a,NA
ASN00086071,20140107,PRCP,0,NA,NA,a,NA
ASN00086071,20140108,TMAX,275,NA,NA,a,NA
ASN00086071,20140108,TMIN,117,NA,NA,a,NA
ASN00086071,20140108,PRCP,0,NA,NA,a,NA
ASN00086071,20140109,TMAX,333,NA,NA,a,NA
ASN00086071,20140109,TMIN,143,NA,NA,a,NA
ASN00086071,20140109,PRCP,0,NA,NA,a,NA
ASN00086071,20140110,TMAX,347,NA,NA,a,NA
ASN00086071,20140110,TMIN,183,NA,NA,a,NA
ASN00086071,20140110,PRCP,0,NA,NA,a,NA
ASN00086071,20140111,TMAX,227,NA,NA,a,NA
ASN00086071,20140111,TMIN,178,NA,NA,a,NA
ASN00086071,20140111,PRCP,0,NA,NA,a,NA
ASN00086071,20140112,TMAX,228,NA,NA,a,NA
ASN00086071,20140112,TMIN,165,NA,NA,a,NA
ASN00086071,20140112,PRCP,0,NA,NA,a,NA
ASN00086071,20140113,TMAX,311,NA,NA,a,NA
ASN00086071,20140113,TMIN,152,NA,NA,a,NA
ASN00086071,20140113,PRCP,0,NA,NA,a,NA
ASN00086071,20140114,TMAX,428,NA,NA,a,NA
ASN00086071,20140114,TMIN,183,NA,NA,a,NA
ASN00086071,20140114,PRCP,0,NA,NA,a,NA
ASN00086071,20140115,TMAX,417,NA,NA,a,NA
ASN00086071,20140115,TMIN,286,NA,NA,a,NA
ASN00086071,20140115,PRCP,0,NA,NA,a,NA
ASN00086071,20140116,TMAX,439,NA,NA,a,NA
ASN00086071,20140116,TMIN,270,NA,NA,a,NA
ASN00086071,20140116,PRCP,0,NA,NA,a,NA
ASN00086071,20140117,TMAX,439,NA,NA,a,NA
ASN00086071,20140117,TMIN,256,NA,NA,a,NA
ASN00086071,20140117,PRCP,12,NA,NA,a,NA
ASN00086071,20140118,TMAX,240,NA,NA,a,NA
ASN00086071,20140118,TMIN,215,NA,NA,a,NA
ASN00086071,20140119,TMAX,228,NA,NA,a,NA
ASN00086071,20140119,TMIN,162,NA,NA,a,NA
ASN00086071,20140120,TMAX,248,NA,NA,a,NA
ASN00086071,20140120,TMIN,170,NA,NA,a,NA
ASN00086071,20140120,PRCP,0,NA,NA,a,NA
ASN00086071,20140121,TMAX,237,NA,NA,a,NA
ASN00086071,20140121,TMIN,168,NA,NA,a,NA
ASN00086071,20140121,PRCP,0,NA,NA,a,NA
ASN00086071,20140122,TMAX,243,NA,NA,a,NA
ASN00086071,20140122,TMIN,162,NA,NA,a,NA
ASN00086071,20140122,PRCP,0,NA,NA,a,NA
ASN00086071,20140123,TMAX,304,NA,NA,a,NA
ASN00086071,20140123,TMIN,136,NA,NA,a,NA
ASN00086071,20140123,PRCP,0,NA,NA,a,NA
ASN00086071,20140124,TMAX,230,NA,NA,a,NA
ASN00086071,20140124,TMIN,169,NA,NA,a,NA
ASN00086071,20140124,PRCP,12,NA,NA,a,NA
ASN00086071,20140125,TMAX,210,NA,NA,a,NA
ASN00086071,20140125,TMIN,155,NA,NA,a,NA
ASN00086071,20140126,TMAX,272,NA,NA,a,NA
ASN00086071,20140126,TMIN,130,NA,NA,a,NA
ASN00086071,20140127,TMAX,353,NA,NA,a,NA
ASN00086071,20140127,TMIN,169,NA,NA,a,NA
ASN00086071,20140128,TMAX,420,NA,NA,a,NA
ASN00086071,20140128,TMIN,245,NA,NA,a,NA
ASN00086071,20140129,TMAX,251,NA,NA,a,NA
ASN00086071,20140129,TMIN,184,NA,NA,a,NA
ASN00086071,20140129,PRCP,0,NA,NA,a,NA
ASN00086071,20140130,TMAX,300,NA,NA,a,NA
ASN00086071,20140130,TMIN,160,NA,NA,a,NA
ASN00086071,20140130,PRCP,0,NA,NA,a,NA
ASN00086071,20140131,TMAX,270,NA,NA,a,NA
ASN00086071,20140131,TMIN,186,NA,NA,a,NA
ASN00086071,20140131,PRCP,0,NA,NA,a,NA
ASN00086071,20140201,TMAX,302,NA,NA,a,NA
ASN00086071,20140201,TMIN,186,NA,NA,a,NA
ASN00086071,20140201,PRCP,0,NA,NA,a,NA
ASN00086071,20140202,TMAX,390,NA,NA,a,NA
ASN00086071,20140202,TMIN,183,NA,NA,a,NA
ASN00086071,20140202,PRCP,0,NA,NA,a,NA
ASN00086071,20140203,TMAX,340,NA,NA,a,NA
ASN00086071,20140203,TMIN,227,NA,NA,a,NA
ASN00086071,20140203,PRCP,0,NA,NA,a,NA
ASN00086071,20140204,TMAX,262,NA,NA,a,NA
ASN00086071,20140204,TMIN,148,NA,NA,a,NA
ASN00086071,20140204,PRCP,6,NA,NA,a,NA
ASN00086071,20140205,TMAX,311,NA,NA,a,NA
ASN00086071,20140205,TMIN,139,NA,NA,a,NA
ASN00086071,20140205,PRCP,0,NA,NA,a,NA
ASN00086071,20140206,TMAX,356,NA,NA,a,NA
ASN00086071,20140206,TMIN,174,NA,NA,a,NA
ASN00086071,20140206,PRCP,0,NA,NA,a,NA
ASN00086071,20140207,TMAX,366,NA,NA,a,NA
ASN00086071,20140207,TMIN,229,NA,NA,a,NA
ASN00086071,20140207,PRCP,0,NA,NA,a,NA
ASN00086071,20140208,TMAX,410,NA,NA,a,NA
ASN00086071,20140208,TMIN,186,NA,NA,a,NA
ASN00086071,20140208,PRCP,0,NA,NA,a,NA
ASN00086071,20140209,TMAX,404,NA,NA,a,NA
ASN00086071,20140209,TMIN,222,NA,NA,a,NA
ASN00086071,20140209,PRCP,0,NA,NA,a,NA
ASN00086071,20140210,TMAX,249,NA,NA,a,NA
ASN00086071,20140210,TMIN,159,NA,NA,a,NA
ASN00086071,20140210,PRCP,0,NA,NA,a,NA
ASN00086071,20140211,TMAX,270,NA,NA,a,NA
ASN00086071,20140211,TMIN,146,NA,NA,a,NA
ASN00086071,20140211,PRCP,0,NA,NA,a,NA
ASN00086071,20140212,TMAX,272,NA,NA,a,NA
ASN00086071,20140212,TMIN,171,NA,NA,a,NA
ASN00086071,20140212,PRCP,0,NA,NA,a,NA
ASN00086071,20140213,TMAX,269,NA,NA,a,NA
ASN00086071,20140213,TMIN,189,NA,NA,a,NA
ASN00086071,20140213,PRCP,0,NA,NA,a,NA
ASN00086071,20140214,TMAX,270,NA,NA,a,NA
ASN00086071,20140214,TMIN,194,NA,NA,a,NA
ASN00086071,20140214,PRCP,0,NA,NA,a,NA
ASN00086071,20140215,TMAX,289,NA,NA,a,NA
ASN00086071,20140215,TMIN,210,NA,NA,a,NA
ASN00086071,20140216,TMAX,241,NA,NA,a,NA
ASN00086071,20140216,TMIN,171,NA,NA,a,NA
ASN00086071,20140217,TMAX,259,NA,NA,a,NA
ASN00086071,20140217,TMIN,162,NA,NA,a,NA
ASN00086071,20140217,PRCP,64,NA,NA,a,NA
ASN00086071,20140218,TMAX,304,NA,NA,a,NA
ASN00086071,20140218,TMIN,145,NA,NA,a,NA
ASN00086071,20140218,PRCP,0,NA,NA,a,NA
ASN00086071,20140219,TMAX,254,NA,NA,a,NA
ASN00086071,20140219,TMIN,175,NA,NA,a,NA
ASN00086071,20140219,PRCP,0,NA,NA,a,NA
ASN00086071,20140220,TMAX,208,NA,NA,a,NA
ASN00086071,20140220,TMIN,126,NA,NA,a,NA
ASN00086071,20140220,PRCP,94,NA,NA,a,NA
ASN00086071,20140221,TMAX,208,NA,NA,a,NA
ASN00086071,20140221,TMIN,132,NA,NA,a,NA
ASN00086071,20140221,PRCP,0,NA,NA,a,NA
ASN00086071,20140222,TMAX,202,NA,NA,a,NA
ASN00086071,20140222,TMIN,142,NA,NA,a,NA
ASN00086071,20140223,TMAX,238,NA,NA,a,NA
ASN00086071,20140223,TMIN,142,NA,NA,a,NA
ASN00086071,20140224,TMAX,252,NA,NA,a,NA
ASN00086071,20140224,TMIN,146,NA,NA,a,NA
ASN00086071,20140224,PRCP,0,NA,NA,a,NA
ASN00086071,20140225,TMAX,330,NA,NA,a,NA
ASN00086071,20140225,TMIN,155,NA,NA,a,NA
ASN00086071,20140225,PRCP,0,NA,NA,a,NA
ASN00086071,20140226,TMAX,226,NA,NA,a,NA
ASN00086071,20140226,TMIN,151,NA,NA,a,NA
ASN00086071,20140226,PRCP,0,NA,NA,a,NA
ASN00086071,20140227,TMAX,223,NA,NA,a,NA
ASN00086071,20140227,TMIN,144,NA,NA,a,NA
ASN00086071,20140227,PRCP,2,NA,NA,a,NA
ASN00086071,20140228,TMAX,235,NA,NA,a,NA
ASN00086071,20140228,TMIN,138,NA,NA,a,NA
ASN00086071,20140228,PRCP,0,NA,NA,a,NA
ASN00086071,20140301,TMAX,242,NA,NA,a,NA
ASN00086071,20140301,TMIN,159,NA,NA,a,NA
ASN00086071,20140301,PRCP,0,NA,NA,a,NA
ASN00086071,20140302,TMAX,234,NA,NA,a,NA
ASN00086071,20140302,TMIN,169,NA,NA,a,NA
ASN00086071,20140302,PRCP,0,NA,NA,a,NA
ASN00086071,20140303,TMAX,253,NA,NA,a,NA
ASN00086071,20140303,TMIN,157,NA,NA,a,NA
ASN00086071,20140303,PRCP,0,NA,NA,a,NA
ASN00086071,20140304,TMAX,337,NA,NA,a,NA
ASN00086071,20140304,TMIN,160,NA,NA,a,NA
ASN00086071,20140304,PRCP,0,NA,NA,a,NA
ASN00086071,20140305,TMAX,230,NA,NA,a,NA
ASN00086071,20140305,TMIN,195,NA,NA,a,NA
ASN00086071,20140305,PRCP,0,NA,NA,a,NA
ASN00086071,20140306,TMAX,214,NA,NA,a,NA
ASN00086071,20140306,TMIN,143,NA,NA,a,NA
ASN00086071,20140306,PRCP,0,NA,NA,a,NA
ASN00086071,20140307,TMAX,231,NA,NA,a,NA
ASN00086071,20140307,TMIN,143,NA,NA,a,NA
ASN00086071,20140307,PRCP,0,NA,NA,a,NA
ASN00086071,20140308,TMAX,284,NA,NA,a,NA
ASN00086071,20140308,TMIN,150,NA,NA,a,NA
ASN00086071,20140308,PRCP,0,NA,NA,a,NA
ASN00086071,20140309,TMAX,331,NA,NA,a,NA
ASN00086071,20140309,TMIN,165,NA,NA,a,NA
ASN00086071,20140309,PRCP,0,NA,NA,a,NA
ASN00086071,20140310,TMAX,327,NA,NA,a,NA
ASN00086071,20140310,TMIN,213,NA,NA,a,NA
ASN00086071,20140310,PRCP,0,NA,NA,a,NA
ASN00086071,20140311,TMAX,312,NA,NA,a,NA
ASN00086071,20140311,TMIN,193,NA,NA,a,NA
ASN00086071,20140311,PRCP,0,NA,NA,a,NA
ASN00086071,20140312,TMAX,222,NA,NA,a,NA
ASN00086071,20140312,TMIN,167,NA,NA,a,NA
ASN00086071,20140312,PRCP,22,NA,NA,a,NA
ASN00086071,20140313,TMAX,229,NA,NA,a,NA
ASN00086071,20140313,TMIN,137,NA,NA,a,NA
ASN00086071,20140313,PRCP,0,NA,NA,a,NA
ASN00086071,20140314,TMAX,273,NA,NA,a,NA
ASN00086071,20140314,TMIN,149,NA,NA,a,NA
ASN00086071,20140314,PRCP,0,NA,NA,a,NA
ASN00086071,20140315,TMAX,296,NA,NA,a,NA
ASN00086071,20140315,TMIN,173,NA,NA,a,NA
ASN00086071,20140316,TMAX,205,NA,NA,a,NA
ASN00086071,20140316,TMIN,137,NA,NA,a,NA
ASN00086071,20140317,TMAX,249,NA,NA,a,NA
ASN00086071,20140317,TMIN,142,NA,NA,a,NA
ASN00086071,20140317,PRCP,4,NA,NA,a,NA
ASN00086071,20140318,TMAX,251,NA,NA,a,NA
ASN00086071,20140318,TMIN,159,NA,NA,a,NA
ASN00086071,20140318,PRCP,0,NA,NA,a,NA
ASN00086071,20140319,TMAX,227,NA,NA,a,NA
ASN00086071,20140319,TMIN,137,NA,NA,a,NA
ASN00086071,20140319,PRCP,0,NA,NA,a,NA
ASN00086071,20140320,TMAX,309,NA,NA,a,NA
ASN00086071,20140320,TMIN,112,NA,NA,a,NA
ASN00086071,20140320,PRCP,0,NA,NA,a,NA
ASN00086071,20140321,TMAX,236,NA,NA,a,NA
ASN00086071,20140321,TMIN,146,NA,NA,a,NA
ASN00086071,20140321,PRCP,0,NA,NA,a,NA
ASN00086071,20140322,TMAX,196,NA,NA,a,NA
ASN00086071,20140322,TMIN,133,NA,NA,a,NA
ASN00086071,20140323,TMAX,193,NA,NA,a,NA
ASN00086071,20140323,TMIN,139,NA,NA,a,NA
ASN00086071,20140324,TMAX,190,NA,NA,a,NA
ASN00086071,20140324,TMIN,125,NA,NA,a,NA
ASN00086071,20140324,PRCP,6,NA,NA,a,NA
ASN00086071,20140325,TMAX,246,NA,NA,a,NA
ASN00086071,20140325,TMIN,121,NA,NA,a,NA
ASN00086071,20140325,PRCP,8,NA,NA,a,NA
ASN00086071,20140326,TMAX,270,NA,NA,a,NA
ASN00086071,20140326,TMIN,141,NA,NA,a,NA
ASN00086071,20140326,PRCP,0,NA,NA,a,NA
ASN00086071,20140327,TMAX,254,NA,NA,a,NA
ASN00086071,20140327,TMIN,171,NA,NA,a,NA
ASN00086071,20140327,PRCP,44,NA,NA,a,NA
ASN00086071,20140328,TMAX,221,NA,NA,a,NA
ASN00086071,20140328,TMIN,171,NA,NA,a,NA
ASN00086071,20140328,PRCP,78,NA,NA,a,NA
ASN00086071,20140329,TMAX,244,NA,NA,a,NA
ASN00086071,20140329,TMIN,127,NA,NA,a,NA
ASN00086071,20140330,TMAX,265,NA,NA,a,NA
ASN00086071,20140330,TMIN,146,NA,NA,a,NA
ASN00086071,20140331,TMAX,309,NA,NA,a,NA
ASN00086071,20140331,TMIN,166,NA,NA,a,NA
ASN00086071,20140331,PRCP,0,NA,NA,a,NA
ASN00086071,20140401,TMAX,334,NA,NA,a,NA
ASN00086071,20140401,TMIN,189,NA,NA,a,NA
ASN00086071,20140401,PRCP,0,NA,NA,a,NA
ASN00086071,20140402,TMAX,249,NA,NA,a,NA
ASN00086071,20140402,TMIN,230,NA,NA,a,NA
ASN00086071,20140402,PRCP,0,NA,NA,a,NA
ASN00086071,20140403,TMAX,183,NA,NA,a,NA
ASN00086071,20140403,TMIN,151,NA,NA,a,NA
ASN00086071,20140403,PRCP,6,NA,NA,a,NA
ASN00086071,20140404,TMAX,207,NA,NA,a,NA
ASN00086071,20140404,TMIN,146,NA,NA,a,NA
ASN00086071,20140404,PRCP,0,NA,NA,a,NA
ASN00086071,20140405,TMAX,245,NA,NA,a,NA
ASN00086071,20140405,TMIN,150,NA,NA,a,NA
ASN00086071,20140405,PRCP,0,NA,NA,a,NA
ASN00086071,20140406,TMAX,254,NA,NA,a,NA
ASN00086071,20140406,TMIN,125,NA,NA,a,NA
ASN00086071,20140406,PRCP,0,NA,NA,a,NA
ASN00086071,20140407,TMAX,249,NA,NA,a,NA
ASN00086071,20140407,TMIN,133,NA,NA,a,NA
ASN00086071,20140408,TMAX,220,NA,NA,a,NA
ASN00086071,20140408,TMIN,166,NA,NA,a,NA
ASN00086071,20140409,TMAX,180,NA,NA,a,NA
ASN00086071,20140409,TMIN,167,NA,NA,a,NA
ASN00086071,20140409,DAPR,3,NA,NA,a,NA
ASN00086071,20140409,DWPR,3,NA,NA,a,NA
ASN00086071,20140409,MDPR,148,NA,NA,a,NA
ASN00086071,20140410,TMAX,193,NA,NA,a,NA
ASN00086071,20140410,TMIN,165,NA,NA,a,NA
ASN00086071,20140410,PRCP,186,NA,NA,a,NA
ASN00086071,20140411,TMAX,192,NA,NA,a,NA
ASN00086071,20140411,TMIN,170,NA,NA,a,NA
ASN00086071,20140411,PRCP,128,NA,NA,a,NA
ASN00086071,20140412,TMAX,230,NA,NA,a,NA
ASN00086071,20140412,TMIN,155,NA,NA,a,NA
ASN00086071,20140413,TMAX,225,NA,NA,a,NA
ASN00086071,20140413,TMIN,130,NA,NA,a,NA
ASN00086071,20140414,TMAX,211,NA,NA,a,NA
ASN00086071,20140414,TMIN,125,NA,NA,a,NA
ASN00086071,20140414,DAPR,3,NA,NA,a,NA
ASN00086071,20140414,DWPR,3,NA,NA,a,NA
ASN00086071,20140414,MDPR,10,NA,NA,a,NA
ASN00086071,20140415,TMAX,219,NA,NA,a,NA
ASN00086071,20140415,TMIN,126,NA,NA,a,NA
ASN00086071,20140415,PRCP,0,NA,NA,a,NA
ASN00086071,20140416,TMAX,223,NA,NA,a,NA
ASN00086071,20140416,TMIN,100,NA,NA,a,NA
ASN00086071,20140416,PRCP,0,NA,NA,a,NA
ASN00086071,20140417,TMAX,251,NA,NA,a,NA
ASN00086071,20140417,TMIN,112,NA,NA,a,NA
ASN00086071,20140417,PRCP,0,NA,NA,a,NA
ASN00086071,20140418,TMAX,190,NA,NA,a,NA
ASN00086071,20140418,TMIN,139,NA,NA,a,NA
ASN00086071,20140419,TMAX,181,NA,NA,a,NA
ASN00086071,20140419,TMIN,117,NA,NA,a,NA
ASN00086071,20140420,TMAX,191,NA,NA,a,NA
ASN00086071,20140420,TMIN,127,NA,NA,a,NA
ASN00086071,20140421,TMAX,185,NA,NA,a,NA
ASN00086071,20140421,TMIN,125,NA,NA,a,NA
ASN00086071,20140422,TMAX,168,NA,NA,a,NA
ASN00086071,20140422,TMIN,133,NA,NA,a,NA
ASN00086071,20140422,DAPR,5,NA,NA,a,NA
ASN00086071,20140422,DWPR,5,NA,NA,a,NA
ASN00086071,20140422,MDPR,84,NA,NA,a,NA
ASN00086071,20140423,TMAX,194,NA,NA,a,NA
ASN00086071,20140423,TMIN,119,NA,NA,a,NA
ASN00086071,20140423,PRCP,66,NA,NA,a,NA
ASN00086071,20140424,TMAX,188,NA,NA,a,NA
ASN00086071,20140424,TMIN,123,NA,NA,a,NA
ASN00086071,20140424,PRCP,6,NA,NA,a,NA
ASN00086071,20140425,TMAX,209,NA,NA,a,NA
ASN00086071,20140425,TMIN,65,NA,NA,a,NA
ASN00086071,20140425,PRCP,0,NA,NA,a,NA
ASN00086071,20140426,TMAX,193,NA,NA,a,NA
ASN00086071,20140426,TMIN,90,NA,NA,a,NA
ASN00086071,20140426,PRCP,0,NA,NA,a,NA
ASN00086071,20140427,TMAX,176,NA,NA,a,NA
ASN00086071,20140427,TMIN,95,NA,NA,a,NA
ASN00086071,20140427,PRCP,0,NA,NA,a,NA
ASN00086071,20140428,TMAX,224,NA,NA,a,NA
ASN00086071,20140428,TMIN,65,NA,NA,a,NA
ASN00086071,20140428,PRCP,0,NA,NA,a,NA
ASN00086071,20140429,TMAX,200,NA,NA,a,NA
ASN00086071,20140429,TMIN,139,NA,NA,a,NA
ASN00086071,20140429,PRCP,0,NA,NA,a,NA
ASN00086071,20140430,TMAX,178,NA,NA,a,NA
ASN00086071,20140430,TMIN,105,NA,NA,a,NA
ASN00086071,20140430,PRCP,134,NA,NA,a,NA
ASN00086071,20140501,TMAX,162,NA,NA,a,NA
ASN00086071,20140501,TMIN,63,NA,NA,a,NA
ASN00086071,20140501,PRCP,0,NA,NA,a,NA
ASN00086071,20140502,TMAX,143,NA,NA,a,NA
ASN00086071,20140502,TMIN,91,NA,NA,a,NA
ASN00086071,20140502,PRCP,2,NA,NA,a,NA
ASN00086071,20140503,TMAX,176,NA,NA,a,NA
ASN00086071,20140503,TMIN,101,NA,NA,a,NA
ASN00086071,20140504,TMAX,142,NA,NA,a,NA
ASN00086071,20140504,TMIN,87,NA,NA,a,NA
ASN00086071,20140505,TMAX,167,NA,NA,a,NA
ASN00086071,20140505,TMIN,98,NA,NA,a,NA
ASN00086071,20140505,PRCP,22,NA,NA,a,NA
ASN00086071,20140506,TMAX,165,NA,NA,a,NA
ASN00086071,20140506,TMIN,107,NA,NA,a,NA
ASN00086071,20140506,PRCP,10,NA,NA,a,NA
ASN00086071,20140507,TMAX,165,NA,NA,a,NA
ASN00086071,20140507,TMIN,97,NA,NA,a,NA
ASN00086071,20140507,PRCP,12,NA,NA,a,NA
ASN00086071,20140508,TMAX,189,NA,NA,a,NA
ASN00086071,20140508,TMIN,43,NA,NA,a,NA
ASN00086071,20140508,PRCP,0,NA,NA,a,NA
ASN00086071,20140509,TMAX,186,NA,NA,a,NA
ASN00086071,20140509,TMIN,70,NA,NA,a,NA
ASN00086071,20140509,PRCP,0,NA,NA,a,NA
ASN00086071,20140510,TMAX,166,NA,NA,a,NA
ASN00086071,20140510,TMIN,121,NA,NA,a,NA
ASN00086071,20140511,TMAX,200,NA,NA,a,NA
ASN00086071,20140511,TMIN,97,NA,NA,a,NA
ASN00086071,20140512,TMAX,201,NA,NA,a,NA
ASN00086071,20140512,TMIN,78,NA,NA,a,NA
ASN00086071,20140512,PRCP,2,NA,NA,a,NA
ASN00086071,20140513,TMAX,204,NA,NA,a,NA
ASN00086071,20140513,TMIN,83,NA,NA,a,NA
ASN00086071,20140513,PRCP,0,NA,NA,a,NA
ASN00086071,20140514,TMAX,205,NA,NA,a,NA
ASN00086071,20140514,TMIN,87,NA,NA,a,NA
ASN00086071,20140514,PRCP,0,NA,NA,a,NA
ASN00086071,20140515,TMAX,225,NA,NA,a,NA
ASN00086071,20140515,TMIN,139,NA,NA,a,NA
ASN00086071,20140515,PRCP,0,NA,NA,a,NA
ASN00086071,20140516,TMAX,232,NA,NA,a,NA
ASN00086071,20140516,TMIN,168,NA,NA,a,NA
ASN00086071,20140516,PRCP,0,NA,NA,a,NA
ASN00086071,20140517,TMAX,201,NA,NA,a,NA
ASN00086071,20140517,TMIN,168,NA,NA,a,NA
ASN00086071,20140517,PRCP,0,NA,NA,a,NA
ASN00086071,20140518,TMAX,215,NA,NA,a,NA
ASN00086071,20140518,TMIN,173,NA,NA,a,NA
ASN00086071,20140518,PRCP,0,NA,NA,a,NA
ASN00086071,20140519,TMAX,235,NA,NA,a,NA
ASN00086071,20140519,TMIN,174,NA,NA,a,NA
ASN00086071,20140519,PRCP,0,NA,NA,a,NA
ASN00086071,20140520,TMAX,218,NA,NA,a,NA
ASN00086071,20140520,TMIN,142,NA,NA,a,NA
ASN00086071,20140520,PRCP,0,NA,NA,a,NA
ASN00086071,20140521,TMAX,238,NA,NA,a,NA
ASN00086071,20140521,TMIN,110,NA,NA,a,NA
ASN00086071,20140522,TMAX,211,NA,NA,a,NA
ASN00086071,20140522,TMIN,125,NA,NA,a,NA
ASN00086071,20140522,PRCP,0,NA,NA,a,NA
ASN00086071,20140523,TMAX,207,NA,NA,a,NA
ASN00086071,20140523,TMIN,155,NA,NA,a,NA
ASN00086071,20140523,PRCP,46,NA,NA,a,NA
ASN00086071,20140524,TMAX,181,NA,NA,a,NA
ASN00086071,20140524,TMIN,109,NA,NA,a,NA
ASN00086071,20140525,TMAX,205,NA,NA,a,NA
ASN00086071,20140525,TMIN,122,NA,NA,a,NA
ASN00086071,20140526,TMAX,221,NA,NA,a,NA
ASN00086071,20140526,TMIN,123,NA,NA,a,NA
ASN00086071,20140526,PRCP,0,NA,NA,a,NA
ASN00086071,20140527,TMAX,201,NA,NA,a,NA
ASN00086071,20140527,TMIN,158,NA,NA,a,NA
ASN00086071,20140527,PRCP,0,NA,NA,a,NA
ASN00086071,20140528,TMAX,190,NA,NA,a,NA
ASN00086071,20140528,TMIN,130,NA,NA,a,NA
ASN00086071,20140528,PRCP,20,NA,NA,a,NA
ASN00086071,20140529,TMAX,159,NA,NA,a,NA
ASN00086071,20140529,TMIN,98,NA,NA,a,NA
ASN00086071,20140529,PRCP,0,NA,NA,a,NA
ASN00086071,20140530,TMAX,179,NA,NA,a,NA
ASN00086071,20140530,TMIN,64,NA,NA,a,NA
ASN00086071,20140530,PRCP,0,NA,NA,a,NA
ASN00086071,20140531,TMAX,188,NA,NA,a,NA
ASN00086071,20140531,TMIN,70,NA,NA,a,NA
ASN00086071,20140531,PRCP,0,NA,NA,a,NA
ASN00086071,20140601,TMAX,151,NA,NA,a,NA
ASN00086071,20140601,TMIN,114,NA,NA,a,NA
ASN00086071,20140602,TMAX,174,NA,NA,a,NA
ASN00086071,20140602,TMIN,115,NA,NA,a,NA
ASN00086071,20140602,PRCP,26,NA,NA,a,NA
ASN00086071,20140603,TMAX,166,NA,NA,a,NA
ASN00086071,20140603,TMIN,126,NA,NA,a,NA
ASN00086071,20140603,PRCP,32,NA,NA,a,NA
ASN00086071,20140604,TMAX,186,NA,NA,a,NA
ASN00086071,20140604,TMIN,108,NA,NA,a,NA
ASN00086071,20140604,PRCP,30,NA,NA,a,NA
ASN00086071,20140605,TMAX,171,NA,NA,a,NA
ASN00086071,20140605,TMIN,119,NA,NA,a,NA
ASN00086071,20140605,PRCP,52,NA,NA,a,NA
ASN00086071,20140606,TMAX,166,NA,NA,a,NA
ASN00086071,20140606,TMIN,85,NA,NA,a,NA
ASN00086071,20140606,PRCP,8,NA,NA,a,NA
ASN00086071,20140607,TMAX,175,NA,NA,a,NA
ASN00086071,20140607,TMIN,105,NA,NA,a,NA
ASN00086071,20140608,TMAX,159,NA,NA,a,NA
ASN00086071,20140608,TMIN,112,NA,NA,a,NA
ASN00086071,20140609,TMAX,156,NA,NA,a,NA
ASN00086071,20140609,TMIN,86,NA,NA,a,NA
ASN00086071,20140610,TMAX,190,NA,NA,a,NA
ASN00086071,20140610,TMIN,97,NA,NA,a,NA
ASN00086071,20140610,PRCP,0,NA,NA,a,NA
ASN00086071,20140611,TMAX,166,NA,NA,a,NA
ASN00086071,20140611,TMIN,69,NA,NA,a,NA
ASN00086071,20140611,PRCP,0,NA,NA,a,NA
ASN00086071,20140612,TMAX,163,NA,NA,a,NA
ASN00086071,20140612,TMIN,92,NA,NA,a,NA
ASN00086071,20140612,PRCP,0,NA,NA,a,NA
ASN00086071,20140613,TMAX,170,NA,NA,a,NA
ASN00086071,20140613,TMIN,122,NA,NA,a,NA
ASN00086071,20140613,PRCP,58,NA,NA,a,NA
ASN00086071,20140614,TMAX,158,NA,NA,a,NA
ASN00086071,20140614,TMIN,103,NA,NA,a,NA
ASN00086071,20140615,TMAX,164,NA,NA,a,NA
ASN00086071,20140615,TMIN,99,NA,NA,a,NA
ASN00086071,20140616,TMAX,170,NA,NA,a,NA
ASN00086071,20140616,TMIN,104,NA,NA,a,NA
ASN00086071,20140616,PRCP,4,NA,NA,a,NA
ASN00086071,20140617,TMAX,163,NA,NA,a,NA
ASN00086071,20140617,TMIN,101,NA,NA,a,NA
ASN00086071,20140617,PRCP,22,NA,NA,a,NA
ASN00086071,20140618,TMAX,143,NA,NA,a,NA
ASN00086071,20140618,TMIN,111,NA,NA,a,NA
ASN00086071,20140618,PRCP,0,NA,NA,a,NA
ASN00086071,20140619,TMAX,123,NA,NA,a,NA
ASN00086071,20140619,TMIN,80,NA,NA,a,NA
ASN00086071,20140619,PRCP,0,NA,NA,a,NA
ASN00086071,20140620,TMAX,155,NA,NA,a,NA
ASN00086071,20140620,TMIN,93,NA,NA,a,NA
ASN00086071,20140620,PRCP,0,NA,NA,a,NA
ASN00086071,20140621,TMAX,157,NA,NA,a,NA
ASN00086071,20140621,TMIN,113,NA,NA,a,NA
ASN00086071,20140621,PRCP,0,NA,NA,a,NA
ASN00086071,20140622,TMAX,158,NA,NA,a,NA
ASN00086071,20140622,TMIN,77,NA,NA,a,NA
ASN00086071,20140622,PRCP,0,NA,NA,a,NA
ASN00086071,20140623,TMAX,147,NA,NA,a,NA
ASN00086071,20140623,TMIN,85,NA,NA,a,NA
ASN00086071,20140623,PRCP,0,NA,NA,a,NA
ASN00086071,20140624,TMAX,145,NA,NA,a,NA
ASN00086071,20140624,TMIN,71,NA,NA,a,NA
ASN00086071,20140624,PRCP,46,NA,NA,a,NA
ASN00086071,20140625,TMAX,160,NA,NA,a,NA
ASN00086071,20140625,TMIN,86,NA,NA,a,NA
ASN00086071,20140625,PRCP,62,NA,NA,a,NA
ASN00086071,20140626,TMAX,168,NA,NA,a,NA
ASN00086071,20140626,TMIN,112,NA,NA,a,NA
ASN00086071,20140626,PRCP,6,NA,NA,a,NA
ASN00086071,20140627,TMAX,147,NA,NA,a,NA
ASN00086071,20140627,TMIN,110,NA,NA,a,NA
ASN00086071,20140627,PRCP,0,NA,NA,a,NA
ASN00086071,20140628,TMAX,130,NA,NA,a,NA
ASN00086071,20140628,TMIN,96,NA,NA,a,NA
ASN00086071,20140628,PRCP,0,NA,NA,a,NA
ASN00086071,20140629,TMAX,113,NA,NA,a,NA
ASN00086071,20140629,TMIN,88,NA,NA,a,NA
ASN00086071,20140629,PRCP,0,NA,NA,a,NA
ASN00086071,20140630,TMAX,133,NA,NA,a,NA
ASN00086071,20140630,TMIN,65,NA,NA,a,NA
ASN00086071,20140630,PRCP,112,NA,NA,a,NA
ASN00086071,20140701,TMAX,134,NA,NA,a,NA
ASN00086071,20140701,TMIN,83,NA,NA,a,NA
ASN00086071,20140701,PRCP,4,NA,NA,a,NA
ASN00086071,20140702,TMAX,173,NA,NA,a,NA
ASN00086071,20140702,TMIN,108,NA,NA,a,NA
ASN00086071,20140702,PRCP,0,NA,NA,a,NA
ASN00086071,20140703,TMAX,127,NA,NA,a,NA
ASN00086071,20140703,TMIN,77,NA,NA,a,NA
ASN00086071,20140703,PRCP,0,NA,NA,a,NA
ASN00086071,20140704,TMAX,129,NA,NA,a,NA
ASN00086071,20140704,TMIN,82,NA,NA,a,NA
ASN00086071,20140704,PRCP,0,NA,NA,a,NA
ASN00086071,20140705,TMAX,154,NA,NA,a,NA
ASN00086071,20140705,TMIN,86,NA,NA,a,NA
ASN00086071,20140706,TMAX,141,NA,NA,a,NA
ASN00086071,20140706,TMIN,103,NA,NA,a,NA
ASN00086071,20140707,TMAX,160,NA,NA,a,NA
ASN00086071,20140707,TMIN,90,NA,NA,a,NA
ASN00086071,20140707,PRCP,4,NA,NA,a,NA
ASN00086071,20140708,TMAX,149,NA,NA,a,NA
ASN00086071,20140708,TMIN,92,NA,NA,a,NA
ASN00086071,20140708,PRCP,0,NA,NA,a,NA
ASN00086071,20140709,TMAX,112,NA,NA,a,NA
ASN00086071,20140709,TMIN,93,NA,NA,a,NA
ASN00086071,20140709,PRCP,2,NA,NA,a,NA
ASN00086071,20140710,TMAX,156,NA,NA,a,NA
ASN00086071,20140710,TMIN,77,NA,NA,a,NA
ASN00086071,20140710,PRCP,46,NA,NA,a,NA
ASN00086071,20140711,TMAX,144,NA,NA,a,NA
ASN00086071,20140711,TMIN,80,NA,NA,a,NA
ASN00086071,20140711,PRCP,2,NA,NA,a,NA
ASN00086071,20140712,TMAX,116,NA,NA,a,NA
ASN00086071,20140712,TMIN,72,NA,NA,a,NA
ASN00086071,20140713,TMAX,150,NA,NA,a,NA
ASN00086071,20140713,TMIN,52,NA,NA,a,NA
ASN00086071,20140714,TMAX,134,NA,NA,a,NA
ASN00086071,20140714,TMIN,69,NA,NA,a,NA
ASN00086071,20140714,PRCP,0,NA,NA,a,NA
ASN00086071,20140715,TMAX,131,NA,NA,a,NA
ASN00086071,20140715,TMIN,83,NA,NA,a,NA
ASN00086071,20140715,PRCP,0,NA,NA,a,NA
ASN00086071,20140716,TMAX,147,NA,NA,a,NA
ASN00086071,20140716,TMIN,97,NA,NA,a,NA
ASN00086071,20140716,PRCP,22,NA,NA,a,NA
ASN00086071,20140717,TMAX,123,NA,NA,a,NA
ASN00086071,20140717,TMIN,88,NA,NA,a,NA
ASN00086071,20140717,PRCP,0,NA,NA,a,NA
ASN00086071,20140718,TMAX,143,NA,NA,a,NA
ASN00086071,20140718,TMIN,59,NA,NA,a,NA
ASN00086071,20140718,PRCP,30,NA,NA,a,NA
ASN00086071,20140719,TMAX,135,NA,NA,a,NA
ASN00086071,20140719,TMIN,85,NA,NA,a,NA
ASN00086071,20140720,TMAX,137,NA,NA,a,NA
ASN00086071,20140720,TMIN,79,NA,NA,a,NA
ASN00086071,20140721,TMAX,132,NA,NA,a,NA
ASN00086071,20140721,TMIN,49,NA,NA,a,NA
ASN00086071,20140721,PRCP,0,NA,NA,a,NA
ASN00086071,20140722,TMAX,125,NA,NA,a,NA
ASN00086071,20140722,TMIN,56,NA,NA,a,NA
ASN00086071,20140722,PRCP,0,NA,NA,a,NA
ASN00086071,20140723,TMAX,137,NA,NA,a,NA
ASN00086071,20140723,TMIN,45,NA,NA,a,NA
ASN00086071,20140723,PRCP,0,NA,NA,a,NA
ASN00086071,20140724,TMAX,150,NA,NA,a,NA
ASN00086071,20140724,TMIN,45,NA,NA,a,NA
ASN00086071,20140724,PRCP,0,NA,NA,a,NA
ASN00086071,20140725,TMAX,161,NA,NA,a,NA
ASN00086071,20140725,TMIN,88,NA,NA,a,NA
ASN00086071,20140726,TMAX,153,NA,NA,a,NA
ASN00086071,20140726,TMIN,123,NA,NA,a,NA
ASN00086071,20140727,TMAX,170,NA,NA,a,NA
ASN00086071,20140727,TMIN,70,NA,NA,a,NA
ASN00086071,20140728,TMAX,169,NA,NA,a,NA
ASN00086071,20140728,TMIN,97,NA,NA,a,NA
ASN00086071,20140728,PRCP,0,NA,NA,a,NA
ASN00086071,20140729,TMAX,165,NA,NA,a,NA
ASN00086071,20140729,TMIN,114,NA,NA,a,NA
ASN00086071,20140729,PRCP,0,NA,NA,a,NA
ASN00086071,20140730,TMAX,191,NA,NA,a,NA
ASN00086071,20140730,TMIN,119,NA,NA,a,NA
ASN00086071,20140730,PRCP,0,NA,NA,a,NA
ASN00086071,20140731,TMAX,199,NA,NA,a,NA
ASN00086071,20140731,TMIN,137,NA,NA,a,NA
ASN00086071,20140731,PRCP,0,NA,NA,a,NA
ASN00086071,20140801,TMAX,103,NA,NA,a,NA
ASN00086071,20140801,TMIN,60,NA,NA,a,NA
ASN00086071,20140801,PRCP,66,NA,NA,a,NA
ASN00086071,20140802,TMAX,136,NA,NA,a,NA
ASN00086071,20140802,TMIN,47,NA,NA,a,NA
ASN00086071,20140803,TMAX,148,NA,NA,a,NA
ASN00086071,20140803,TMIN,14,NA,NA,a,NA
ASN00086071,20140804,TMAX,153,NA,NA,a,NA
ASN00086071,20140804,TMIN,18,NA,NA,a,NA
ASN00086071,20140805,TMAX,168,NA,NA,a,NA
ASN00086071,20140805,TMIN,44,NA,NA,a,NA
ASN00086071,20140805,PRCP,0,NA,NA,a,NA
ASN00086071,20140806,TMAX,165,NA,NA,a,NA
ASN00086071,20140806,TMIN,106,NA,NA,a,NA
ASN00086071,20140806,PRCP,0,NA,NA,a,NA
ASN00086071,20140807,TMAX,140,NA,NA,a,NA
ASN00086071,20140807,TMIN,107,NA,NA,a,NA
ASN00086071,20140807,PRCP,8,NA,NA,a,NA
ASN00086071,20140808,TMAX,164,NA,NA,a,NA
ASN00086071,20140808,TMIN,107,NA,NA,a,NA
ASN00086071,20140808,PRCP,36,NA,NA,a,NA
ASN00086071,20140809,TMAX,151,NA,NA,a,NA
ASN00086071,20140809,TMIN,81,NA,NA,a,NA
ASN00086071,20140810,TMAX,140,NA,NA,a,NA
ASN00086071,20140810,TMIN,94,NA,NA,a,NA
ASN00086071,20140811,TMAX,136,NA,NA,a,NA
ASN00086071,20140811,TMIN,58,NA,NA,a,NA
ASN00086071,20140811,PRCP,64,NA,NA,a,NA
ASN00086071,20140812,TMAX,130,NA,NA,a,NA
ASN00086071,20140812,TMIN,64,NA,NA,a,NA
ASN00086071,20140812,PRCP,6,NA,NA,a,NA
ASN00086071,20140813,TMAX,157,NA,NA,a,NA
ASN00086071,20140813,TMIN,81,NA,NA,a,NA
ASN00086071,20140813,PRCP,0,NA,NA,a,NA
ASN00086071,20140814,TMAX,151,NA,NA,a,NA
ASN00086071,20140814,TMIN,100,NA,NA,a,NA
ASN00086071,20140814,PRCP,4,NA,NA,a,NA
ASN00086071,20140815,TMAX,175,NA,NA,a,NA
ASN00086071,20140815,TMIN,40,NA,NA,a,NA
ASN00086071,20140815,PRCP,0,NA,NA,a,NA
ASN00086071,20140816,TMAX,134,NA,NA,a,NA
ASN00086071,20140816,TMIN,59,NA,NA,a,NA
ASN00086071,20140816,PRCP,0,NA,NA,a,NA
ASN00086071,20140817,TMAX,167,NA,NA,a,NA
ASN00086071,20140817,TMIN,75,NA,NA,a,NA
ASN00086071,20140817,PRCP,0,NA,NA,a,NA
ASN00086071,20140818,TMAX,136,NA,NA,a,NA
ASN00086071,20140818,TMIN,99,NA,NA,a,NA
ASN00086071,20140818,PRCP,0,NA,NA,a,NA
ASN00086071,20140819,TMAX,139,NA,NA,a,NA
ASN00086071,20140819,TMIN,107,NA,NA,a,NA
ASN00086071,20140819,PRCP,12,NA,NA,a,NA
ASN00086071,20140820,TMAX,136,NA,NA,a,NA
ASN00086071,20140820,TMIN,102,NA,NA,a,NA
ASN00086071,20140820,PRCP,0,NA,NA,a,NA
ASN00086071,20140821,TMAX,181,NA,NA,a,NA
ASN00086071,20140821,TMIN,84,NA,NA,a,NA
ASN00086071,20140821,PRCP,0,NA,NA,a,NA
ASN00086071,20140822,TMAX,212,NA,NA,a,NA
ASN00086071,20140822,TMIN,72,NA,NA,a,NA
ASN00086071,20140822,PRCP,0,NA,NA,a,NA
ASN00086071,20140823,TMAX,205,NA,NA,a,NA
ASN00086071,20140823,TMIN,73,NA,NA,a,NA
ASN00086071,20140824,TMAX,163,NA,NA,a,NA
ASN00086071,20140824,TMIN,110,NA,NA,a,NA
ASN00086071,20140825,TMAX,167,NA,NA,a,NA
ASN00086071,20140825,TMIN,107,NA,NA,a,NA
ASN00086071,20140825,PRCP,10,NA,NA,a,NA
ASN00086071,20140826,TMAX,194,NA,NA,a,NA
ASN00086071,20140826,TMIN,78,NA,NA,a,NA
ASN00086071,20140826,PRCP,0,NA,NA,a,NA
ASN00086071,20140827,TMAX,199,NA,NA,a,NA
ASN00086071,20140827,TMIN,71,NA,NA,a,NA
ASN00086071,20140827,PRCP,0,NA,NA,a,NA
ASN00086071,20140828,TMAX,202,NA,NA,a,NA
ASN00086071,20140828,TMIN,81,NA,NA,a,NA
ASN00086071,20140828,PRCP,0,NA,NA,a,NA
ASN00086071,20140829,TMAX,153,NA,NA,a,NA
ASN00086071,20140829,TMIN,80,NA,NA,a,NA
ASN00086071,20140829,PRCP,0,NA,NA,a,NA
ASN00086071,20140830,TMAX,214,NA,NA,a,NA
ASN00086071,20140830,TMIN,112,NA,NA,a,NA
ASN00086071,20140830,PRCP,0,NA,NA,a,NA
ASN00086071,20140831,TMAX,216,NA,NA,a,NA
ASN00086071,20140831,TMIN,108,NA,NA,a,NA
ASN00086071,20140831,PRCP,0,NA,NA,a,NA
ASN00086071,20140901,TMAX,154,NA,NA,a,NA
ASN00086071,20140901,TMIN,150,NA,NA,a,NA
ASN00086071,20140901,PRCP,0,NA,NA,a,NA
ASN00086071,20140902,TMAX,164,NA,NA,a,NA
ASN00086071,20140902,TMIN,91,NA,NA,a,NA
ASN00086071,20140902,PRCP,104,NA,NA,a,NA
ASN00086071,20140903,TMAX,154,NA,NA,a,NA
ASN00086071,20140903,TMIN,78,NA,NA,a,NA
ASN00086071,20140903,PRCP,4,NA,NA,a,NA
ASN00086071,20140904,TMAX,164,NA,NA,a,NA
ASN00086071,20140904,TMIN,57,NA,NA,a,NA
ASN00086071,20140904,PRCP,0,NA,NA,a,NA
ASN00086071,20140905,TMAX,169,NA,NA,a,NA
ASN00086071,20140905,TMIN,50,NA,NA,a,NA
ASN00086071,20140905,PRCP,0,NA,NA,a,NA
ASN00086071,20140906,TMAX,194,NA,NA,a,NA
ASN00086071,20140906,TMIN,63,NA,NA,a,NA
ASN00086071,20140906,PRCP,0,NA,NA,a,NA
ASN00086071,20140907,TMAX,212,NA,NA,a,NA
ASN00086071,20140907,TMIN,66,NA,NA,a,NA
ASN00086071,20140907,PRCP,0,NA,NA,a,NA
ASN00086071,20140908,TMAX,212,NA,NA,a,NA
ASN00086071,20140908,TMIN,108,NA,NA,a,NA
ASN00086071,20140908,PRCP,0,NA,NA,a,NA
ASN00086071,20140909,TMAX,204,NA,NA,a,NA
ASN00086071,20140909,TMIN,156,NA,NA,a,NA
ASN00086071,20140909,PRCP,0,NA,NA,a,NA
ASN00086071,20140910,TMAX,197,NA,NA,a,NA
ASN00086071,20140910,TMIN,114,NA,NA,a,NA
ASN00086071,20140910,PRCP,20,NA,NA,a,NA
ASN00086071,20140911,TMAX,174,NA,NA,a,NA
ASN00086071,20140911,TMIN,115,NA,NA,a,NA
ASN00086071,20140911,PRCP,30,NA,NA,a,NA
ASN00086071,20140912,TMAX,163,NA,NA,a,NA
ASN00086071,20140912,TMIN,63,NA,NA,a,NA
ASN00086071,20140913,TMAX,189,NA,NA,a,NA
ASN00086071,20140913,TMIN,66,NA,NA,a,NA
ASN00086071,20140914,TMAX,209,NA,NA,a,NA
ASN00086071,20140914,TMIN,73,NA,NA,a,NA
ASN00086071,20140915,TMAX,187,NA,NA,a,NA
ASN00086071,20140915,TMIN,93,NA,NA,a,NA
ASN00086071,20140915,PRCP,0,NA,NA,a,NA
ASN00086071,20140916,TMAX,150,NA,NA,a,NA
ASN00086071,20140916,TMIN,112,NA,NA,a,NA
ASN00086071,20140916,PRCP,0,NA,NA,a,NA
ASN00086071,20140917,TMAX,167,NA,NA,a,NA
ASN00086071,20140917,TMIN,89,NA,NA,a,NA
ASN00086071,20140917,PRCP,32,NA,NA,a,NA
ASN00086071,20140918,TMAX,140,NA,NA,a,NA
ASN00086071,20140918,TMIN,77,NA,NA,a,NA
ASN00086071,20140918,PRCP,4,NA,NA,a,NA
ASN00086071,20140919,TMAX,157,NA,NA,a,NA
ASN00086071,20140919,TMIN,86,NA,NA,a,NA
ASN00086071,20140919,PRCP,14,NA,NA,a,NA
ASN00086071,20140920,TMAX,175,NA,NA,a,NA
ASN00086071,20140920,TMIN,100,NA,NA,a,NA
ASN00086071,20140920,PRCP,0,NA,NA,a,NA
ASN00086071,20140921,TMAX,175,NA,NA,a,NA
ASN00086071,20140921,TMIN,117,NA,NA,a,NA
ASN00086071,20140921,PRCP,0,NA,NA,a,NA
ASN00086071,20140922,TMAX,237,NA,NA,a,NA
ASN00086071,20140922,TMIN,56,NA,NA,a,NA
ASN00086071,20140922,PRCP,0,NA,NA,a,NA
ASN00086071,20140923,TMAX,258,NA,NA,a,NA
ASN00086071,20140923,TMIN,102,NA,NA,a,NA
ASN00086071,20140923,PRCP,0,NA,NA,a,NA
ASN00086071,20140924,TMAX,237,NA,NA,a,NA
ASN00086071,20140924,TMIN,152,NA,NA,a,NA
ASN00086071,20140924,PRCP,0,NA,NA,a,NA
ASN00086071,20140925,TMAX,171,NA,NA,a,NA
ASN00086071,20140925,TMIN,136,NA,NA,a,NA
ASN00086071,20140925,PRCP,132,NA,NA,a,NA
ASN00086071,20140926,TMAX,195,NA,NA,a,NA
ASN00086071,20140926,TMIN,107,NA,NA,a,NA
ASN00086071,20140926,PRCP,0,NA,NA,a,NA
ASN00086071,20140927,TMAX,234,NA,NA,a,NA
ASN00086071,20140927,TMIN,88,NA,NA,a,NA
ASN00086071,20140927,PRCP,0,NA,NA,a,NA
ASN00086071,20140928,TMAX,280,NA,NA,a,NA
ASN00086071,20140928,TMIN,155,NA,NA,a,NA
ASN00086071,20140928,PRCP,0,NA,NA,a,NA
ASN00086071,20140929,TMAX,236,NA,NA,a,NA
ASN00086071,20140929,TMIN,144,NA,NA,a,NA
ASN00086071,20140929,PRCP,0,NA,NA,a,NA
ASN00086071,20140930,TMAX,242,NA,NA,a,NA
ASN00086071,20140930,TMIN,142,NA,NA,a,NA
ASN00086071,20140930,PRCP,0,NA,NA,a,NA
ASN00086071,20141001,TMAX,166,NA,NA,a,NA
ASN00086071,20141001,TMIN,71,NA,NA,a,NA
ASN00086071,20141001,PRCP,22,NA,NA,a,NA
ASN00086071,20141002,TMAX,179,NA,NA,a,NA
ASN00086071,20141002,TMIN,94,NA,NA,a,NA
ASN00086071,20141002,PRCP,2,NA,NA,a,NA
ASN00086071,20141003,TMAX,194,NA,NA,a,NA
ASN00086071,20141003,TMIN,108,NA,NA,a,NA
ASN00086071,20141003,PRCP,4,NA,NA,a,NA
ASN00086071,20141004,TMAX,265,NA,NA,a,NA
ASN00086071,20141004,TMIN,90,NA,NA,a,NA
ASN00086071,20141004,PRCP,0,NA,NA,a,NA
ASN00086071,20141005,TMAX,195,NA,NA,a,NA
ASN00086071,20141005,TMIN,139,NA,NA,a,NA
ASN00086071,20141005,PRCP,0,NA,NA,a,NA
ASN00086071,20141006,TMAX,253,NA,NA,a,NA
ASN00086071,20141006,TMIN,93,NA,NA,a,NA
ASN00086071,20141006,PRCP,0,NA,NA,a,NA
ASN00086071,20141007,TMAX,184,NA,NA,a,NA
ASN00086071,20141007,TMIN,122,NA,NA,a,NA
ASN00086071,20141007,PRCP,12,NA,NA,a,NA
ASN00086071,20141008,TMAX,188,NA,NA,a,NA
ASN00086071,20141008,TMIN,88,NA,NA,a,NA
ASN00086071,20141008,PRCP,8,NA,NA,a,NA
ASN00086071,20141009,TMAX,233,NA,NA,a,NA
ASN00086071,20141009,TMIN,98,NA,NA,a,NA
ASN00086071,20141009,PRCP,0,NA,NA,a,NA
ASN00086071,20141010,TMAX,249,NA,NA,a,NA
ASN00086071,20141010,TMIN,136,NA,NA,a,NA
ASN00086071,20141010,PRCP,0,NA,NA,a,NA
ASN00086071,20141011,TMAX,216,NA,NA,a,NA
ASN00086071,20141011,TMIN,139,NA,NA,a,NA
ASN00086071,20141011,PRCP,0,NA,NA,a,NA
ASN00086071,20141012,TMAX,300,NA,NA,a,NA
ASN00086071,20141012,TMIN,103,NA,NA,a,NA
ASN00086071,20141012,PRCP,0,NA,NA,a,NA
ASN00086071,20141013,TMAX,167,NA,NA,a,NA
ASN00086071,20141013,TMIN,102,NA,NA,a,NA
ASN00086071,20141013,PRCP,54,NA,NA,a,NA
ASN00086071,20141014,TMAX,173,NA,NA,a,NA
ASN00086071,20141014,TMIN,86,NA,NA,a,NA
ASN00086071,20141014,PRCP,74,NA,NA,a,NA
ASN00086071,20141015,TMAX,175,NA,NA,a,NA
ASN00086071,20141015,TMIN,84,NA,NA,a,NA
ASN00086071,20141015,PRCP,0,NA,NA,a,NA
ASN00086071,20141016,TMAX,172,NA,NA,a,NA
ASN00086071,20141016,TMIN,108,NA,NA,a,NA
ASN00086071,20141016,PRCP,0,NA,NA,a,NA
ASN00086071,20141017,TMAX,184,NA,NA,a,NA
ASN00086071,20141017,TMIN,106,NA,NA,a,NA
ASN00086071,20141017,PRCP,46,NA,NA,a,NA
ASN00086071,20141018,TMAX,244,NA,NA,a,NA
ASN00086071,20141018,TMIN,87,NA,NA,a,NA
ASN00086071,20141018,PRCP,0,NA,NA,a,NA
ASN00086071,20141019,TMAX,291,NA,NA,a,NA
ASN00086071,20141019,TMIN,147,NA,NA,a,NA
ASN00086071,20141019,PRCP,0,NA,NA,a,NA
ASN00086071,20141020,TMAX,212,NA,NA,a,NA
ASN00086071,20141020,TMIN,108,NA,NA,a,NA
ASN00086071,20141020,PRCP,0,NA,NA,a,NA
ASN00086071,20141021,TMAX,291,NA,NA,a,NA
ASN00086071,20141021,TMIN,83,NA,NA,a,NA
ASN00086071,20141021,PRCP,0,NA,NA,a,NA
ASN00086071,20141022,TMAX,318,NA,NA,a,NA
ASN00086071,20141022,TMIN,140,NA,NA,a,NA
ASN00086071,20141022,PRCP,0,NA,NA,a,NA
ASN00086071,20141023,TMAX,227,NA,NA,a,NA
ASN00086071,20141023,TMIN,152,NA,NA,a,NA
ASN00086071,20141023,PRCP,0,NA,NA,a,NA
ASN00086071,20141024,TMAX,306,NA,NA,a,NA
ASN00086071,20141024,TMIN,152,NA,NA,a,NA
ASN00086071,20141024,PRCP,0,NA,NA,a,NA
ASN00086071,20141025,TMAX,203,NA,NA,a,NA
ASN00086071,20141025,TMIN,146,NA,NA,a,NA
ASN00086071,20141025,PRCP,0,NA,NA,a,NA
ASN00086071,20141026,TMAX,246,NA,NA,a,NA
ASN00086071,20141026,TMIN,139,NA,NA,a,NA
ASN00086071,20141026,PRCP,0,NA,NA,a,NA
ASN00086071,20141027,TMAX,200,NA,NA,a,NA
ASN00086071,20141027,TMIN,138,NA,NA,a,NA
ASN00086071,20141027,PRCP,256,NA,NA,a,NA
ASN00086071,20141028,TMAX,205,NA,NA,a,NA
ASN00086071,20141028,TMIN,115,NA,NA,a,NA
ASN00086071,20141028,PRCP,36,NA,NA,a,NA
ASN00086071,20141029,TMAX,232,NA,NA,a,NA
ASN00086071,20141029,TMIN,109,NA,NA,a,NA
ASN00086071,20141029,PRCP,6,NA,NA,a,NA
ASN00086071,20141030,TMAX,223,NA,NA,a,NA
ASN00086071,20141030,TMIN,137,NA,NA,a,NA
ASN00086071,20141030,PRCP,0,NA,NA,a,NA
ASN00086071,20141031,TMAX,329,NA,NA,a,NA
ASN00086071,20141031,TMIN,108,NA,NA,a,NA
ASN00086071,20141031,PRCP,2,NA,NA,a,NA
ASN00086071,20141101,TMAX,179,NA,NA,a,NA
ASN00086071,20141101,TMIN,136,NA,NA,a,NA
ASN00086071,20141102,TMAX,168,NA,NA,a,NA
ASN00086071,20141102,TMIN,90,NA,NA,a,NA
ASN00086071,20141103,TMAX,233,NA,NA,a,NA
ASN00086071,20141103,TMIN,105,NA,NA,a,NA
ASN00086071,20141104,TMAX,294,NA,NA,a,NA
ASN00086071,20141104,TMIN,133,NA,NA,a,NA
ASN00086071,20141105,TMAX,188,NA,NA,a,NA
ASN00086071,20141105,TMIN,130,NA,NA,a,NA
ASN00086071,20141106,TMAX,239,NA,NA,a,NA
ASN00086071,20141106,TMIN,110,NA,NA,a,NA
ASN00086071,20141107,TMAX,330,NA,NA,a,NA
ASN00086071,20141107,TMIN,116,NA,NA,a,NA
ASN00086071,20141107,DAPR,7,NA,NA,a,NA
ASN00086071,20141107,DWPR,7,NA,NA,a,NA
ASN00086071,20141107,MDPR,52,NA,NA,a,NA
ASN00086071,20141108,TMAX,352,NA,NA,a,NA
ASN00086071,20141108,TMIN,193,NA,NA,a,NA
ASN00086071,20141108,PRCP,0,NA,NA,a,NA
ASN00086071,20141109,TMAX,200,NA,NA,a,NA
ASN00086071,20141109,TMIN,131,NA,NA,a,NA
ASN00086071,20141109,PRCP,0,NA,NA,a,NA
ASN00086071,20141110,TMAX,211,NA,NA,a,NA
ASN00086071,20141110,TMIN,116,NA,NA,a,NA
ASN00086071,20141110,PRCP,6,NA,NA,a,NA
ASN00086071,20141111,TMAX,192,NA,NA,a,NA
ASN00086071,20141111,TMIN,128,NA,NA,a,NA
ASN00086071,20141111,PRCP,0,NA,NA,a,NA
ASN00086071,20141112,TMAX,251,NA,NA,a,NA
ASN00086071,20141112,TMIN,95,NA,NA,a,NA
ASN00086071,20141112,PRCP,0,NA,NA,a,NA
ASN00086071,20141113,TMAX,313,NA,NA,a,NA
ASN00086071,20141113,TMIN,133,NA,NA,a,NA
ASN00086071,20141113,PRCP,0,NA,NA,a,NA
ASN00086071,20141114,TMAX,209,NA,NA,a,NA
ASN00086071,20141114,TMIN,189,NA,NA,a,NA
ASN00086071,20141114,PRCP,0,NA,NA,a,NA
ASN00086071,20141115,TMAX,181,NA,NA,a,NA
ASN00086071,20141115,TMIN,124,NA,NA,a,NA
ASN00086071,20141116,TMAX,193,NA,NA,a,NA
ASN00086071,20141116,TMIN,109,NA,NA,a,NA
ASN00086071,20141117,TMAX,211,NA,NA,a,NA
ASN00086071,20141117,TMIN,124,NA,NA,a,NA
ASN00086071,20141117,DAPR,3,NA,NA,a,NA
ASN00086071,20141117,DWPR,3,NA,NA,a,NA
ASN00086071,20141117,MDPR,390,NA,NA,a,NA
ASN00086071,20141118,TMAX,212,NA,NA,a,NA
ASN00086071,20141118,TMIN,113,NA,NA,a,NA
ASN00086071,20141118,PRCP,0,NA,NA,a,NA
ASN00086071,20141119,TMAX,301,NA,NA,a,NA
ASN00086071,20141119,TMIN,116,NA,NA,a,NA
ASN00086071,20141119,PRCP,0,NA,NA,a,NA
ASN00086071,20141120,TMAX,287,NA,NA,a,NA
ASN00086071,20141120,TMIN,162,NA,NA,a,NA
ASN00086071,20141120,PRCP,0,NA,NA,a,NA
ASN00086071,20141121,TMAX,239,NA,NA,a,NA
ASN00086071,20141121,TMIN,168,NA,NA,a,NA
ASN00086071,20141121,PRCP,8,NA,NA,a,NA
ASN00086071,20141122,TMAX,314,NA,NA,a,NA
ASN00086071,20141122,TMIN,134,NA,NA,a,NA
ASN00086071,20141123,TMAX,255,NA,NA,a,NA
ASN00086071,20141123,TMIN,170,NA,NA,a,NA
ASN00086071,20141124,TMAX,199,NA,NA,a,NA
ASN00086071,20141124,TMIN,157,NA,NA,a,NA
ASN00086071,20141124,DAPR,3,NA,NA,a,NA
ASN00086071,20141124,DWPR,3,NA,NA,a,NA
ASN00086071,20141124,MDPR,20,NA,NA,a,NA
ASN00086071,20141125,TMAX,223,NA,NA,a,NA
ASN00086071,20141125,TMIN,110,NA,NA,a,NA
ASN00086071,20141126,TMAX,198,NA,NA,a,NA
ASN00086071,20141126,TMIN,118,NA,NA,a,NA
ASN00086071,20141126,DAPR,2,NA,NA,a,NA
ASN00086071,20141126,DWPR,2,NA,NA,a,NA
ASN00086071,20141126,MDPR,120,NA,NA,a,NA
ASN00086071,20141127,TMAX,202,NA,NA,a,NA
ASN00086071,20141127,TMIN,132,NA,NA,a,NA
ASN00086071,20141127,PRCP,0,NA,NA,a,NA
ASN00086071,20141128,TMAX,210,NA,NA,a,NA
ASN00086071,20141128,TMIN,121,NA,NA,a,NA
ASN00086071,20141128,PRCP,0,NA,NA,a,NA
ASN00086071,20141129,TMAX,250,NA,NA,a,NA
ASN00086071,20141129,TMIN,133,NA,NA,a,NA
ASN00086071,20141129,PRCP,0,NA,NA,a,NA
ASN00086071,20141130,TMAX,348,NA,NA,a,NA
ASN00086071,20141130,TMIN,155,NA,NA,a,NA
ASN00086071,20141130,PRCP,0,NA,NA,a,NA
ASN00086071,20141201,TMAX,293,NA,NA,a,NA
ASN00086071,20141201,TMIN,211,NA,NA,a,NA
ASN00086071,20141201,PRCP,4,NA,NA,a,NA
ASN00086071,20141202,TMAX,261,NA,NA,a,NA
ASN00086071,20141202,TMIN,167,NA,NA,a,NA
ASN00086071,20141202,PRCP,2,NA,NA,a,NA
ASN00086071,20141203,TMAX,239,NA,NA,a,NA
ASN00086071,20141203,TMIN,165,NA,NA,a,NA
ASN00086071,20141203,PRCP,0,NA,NA,a,NA
ASN00086071,20141204,TMAX,277,NA,NA,a,NA
ASN00086071,20141204,TMIN,176,NA,NA,a,NA
ASN00086071,20141204,PRCP,92,NA,NA,a,NA
ASN00086071,20141205,TMAX,214,NA,NA,a,NA
ASN00086071,20141205,TMIN,177,NA,NA,a,NA
ASN00086071,20141205,PRCP,0,NA,NA,a,NA
ASN00086071,20141206,TMAX,229,NA,NA,a,NA
ASN00086071,20141206,TMIN,156,NA,NA,a,NA
ASN00086071,20141206,PRCP,30,NA,NA,a,NA
ASN00086071,20141207,TMAX,179,NA,NA,a,NA
ASN00086071,20141207,TMIN,138,NA,NA,a,NA
ASN00086071,20141207,PRCP,152,NA,NA,a,NA
ASN00086071,20141208,TMAX,218,NA,NA,a,NA
ASN00086071,20141208,TMIN,140,NA,NA,a,NA
ASN00086071,20141208,PRCP,24,NA,NA,a,NA
ASN00086071,20141209,TMAX,217,NA,NA,a,NA
ASN00086071,20141209,TMIN,155,NA,NA,a,NA
ASN00086071,20141209,PRCP,0,NA,NA,a,NA
ASN00086071,20141210,TMAX,213,NA,NA,a,NA
ASN00086071,20141210,TMIN,137,NA,NA,a,NA
ASN00086071,20141210,PRCP,0,NA,NA,a,NA
ASN00086071,20141211,TMAX,221,NA,NA,a,NA
ASN00086071,20141211,TMIN,163,NA,NA,a,NA
ASN00086071,20141211,PRCP,6,NA,NA,a,NA
ASN00086071,20141212,TMAX,278,NA,NA,a,NA
ASN00086071,20141212,TMIN,143,NA,NA,a,NA
ASN00086071,20141212,PRCP,0,NA,NA,a,NA
ASN00086071,20141213,TMAX,315,NA,NA,a,NA
ASN00086071,20141213,TMIN,151,NA,NA,a,NA
ASN00086071,20141213,PRCP,0,NA,NA,a,NA
ASN00086071,20141214,TMAX,262,NA,NA,a,NA
ASN00086071,20141214,TMIN,214,NA,NA,a,NA
ASN00086071,20141214,PRCP,0,NA,NA,a,NA
ASN00086071,20141215,TMAX,242,NA,NA,a,NA
ASN00086071,20141215,TMIN,167,NA,NA,a,NA
ASN00086071,20141215,PRCP,0,NA,NA,a,NA
ASN00086071,20141216,TMAX,326,NA,NA,a,NA
ASN00086071,20141216,TMIN,166,NA,NA,a,NA
ASN00086071,20141216,PRCP,0,NA,NA,a,NA
ASN00086071,20141217,TMAX,227,NA,NA,a,NA
ASN00086071,20141217,TMIN,122,NA,NA,a,NA
ASN00086071,20141217,PRCP,0,NA,NA,a,NA
ASN00086071,20141218,TMAX,246,NA,NA,a,NA
ASN00086071,20141218,TMIN,121,NA,NA,a,NA
ASN00086071,20141218,PRCP,0,NA,NA,a,NA
ASN00086071,20141219,TMAX,211,NA,NA,a,NA
ASN00086071,20141219,TMIN,113,NA,NA,a,NA
ASN00086071,20141219,PRCP,18,NA,NA,a,NA
ASN00086071,20141220,TMAX,238,NA,NA,a,NA
ASN00086071,20141220,TMIN,126,NA,NA,a,NA
ASN00086071,20141220,PRCP,0,NA,NA,a,NA
ASN00086071,20141221,TMAX,338,NA,NA,a,NA
ASN00086071,20141221,TMIN,137,NA,NA,a,NA
ASN00086071,20141221,PRCP,0,NA,NA,a,NA
ASN00086071,20141222,TMAX,252,NA,NA,a,NA
ASN00086071,20141222,TMIN,179,NA,NA,a,NA
ASN00086071,20141222,PRCP,0,NA,NA,a,NA
ASN00086071,20141223,TMAX,268,NA,NA,a,NA
ASN00086071,20141223,TMIN,199,NA,NA,a,NA
ASN00086071,20141223,PRCP,10,NA,NA,a,NA
ASN00086071,20141224,TMAX,230,NA,NA,a,NA
ASN00086071,20141224,TMIN,144,NA,NA,a,NA
ASN00086071,20141224,PRCP,6,NA,NA,a,NA
ASN00086071,20141225,TMAX,241,NA,NA,a,NA
ASN00086071,20141225,TMIN,144,NA,NA,a,NA
ASN00086071,20141225,PRCP,0,NA,NA,a,NA
ASN00086071,20141226,TMAX,211,NA,NA,a,NA
ASN00086071,20141226,TMIN,109,NA,NA,a,NA
ASN00086071,20141226,PRCP,74,NA,NA,a,NA
ASN00086071,20141227,TMAX,230,NA,NA,a,NA
ASN00086071,20141227,TMIN,122,NA,NA,a,NA
ASN00086071,20141227,PRCP,0,NA,NA,a,NA
ASN00086071,20141228,TMAX,321,NA,NA,a,NA
ASN00086071,20141228,TMIN,134,NA,NA,a,NA
ASN00086071,20141228,PRCP,0,NA,NA,a,NA
ASN00086071,20141229,TMAX,264,NA,NA,a,NA
ASN00086071,20141229,TMIN,175,NA,NA,a,NA
ASN00086071,20141229,PRCP,0,NA,NA,a,NA
ASN00086071,20141230,TMAX,246,NA,NA,a,NA
ASN00086071,20141230,TMIN,134,NA,NA,a,NA
ASN00086071,20141230,PRCP,2,NA,NA,a,NA
ASN00086071,20141231,TMAX,258,NA,NA,a,NA
ASN00086071,20141231,TMIN,119,NA,NA,a,NA
ASN00086071,20141231,PRCP,2,NA,NA,a,NA
